X1,Y1,X2,Y2,Text,X,Y,d
187.180925,815.746851,198.280758,833.135725,n,192.7308415,824.441288,False
198.340921,820.451207,213.724746,833.267817,35,206.0328335,826.859512,False
217.300913,816.840078,223.059244,825.960723,+,220.1800785,821.4004004999999,False
224.860910,816.360079,238.503158,825.480723,0.2,231.682034,820.9204010000001,False
217.300913,826.320075,223.059244,835.440719,+,220.1800785,830.8803969999999,False
224.860910,826.080075,244.143154,835.200719,0.01,234.50203199999999,830.640397,False
248.020901,815.746851,274.240367,833.135725,É,261.130634,824.441288,False
278.020877,820.451207,287.262692,833.267817,K,282.64178449999997,826.859512,False
287.260885,815.746851,318.472682,833.135725,#,302.8667835,824.441288,False
318.580873,820.451207,326.284694,833.267817,L,322.4327835,826.859512,False
1111.191445,494.016255,1124.007599,521.039792,86.3,1117.599522,507.5280235,False
857.632547,546.096232,870.448700,569.279772,110,864.0406235,557.688002,False
832.072557,519.305960,844.888711,570.839772,(209.74),838.480634,545.072866,False
977.620609,769.211228,1000.804027,782.027838,110,989.212318,775.619533,False
591.940763,812.619667,605.782090,831.815352,S,598.8614265,822.2175095,False
611.500765,812.619667,618.411053,831.815352,(,614.955909,822.2175095,False
624.220783,812.619667,635.758681,831.815352,2,629.989732,822.2175095,False
641.620794,812.619667,647.389743,831.815352,:,644.5052685,822.2175095,False
653.140762,812.619667,664.678659,831.815352,1,658.9097105000001,822.2175095,False
670.420772,812.619667,677.331060,831.815352,),673.875916,822.2175095,False
967.300113,799.331216,981.907984,812.147826,2x,974.6040485000001,805.739521,False
985.780606,799.331216,1008.844493,812.147826,140,997.3125495,805.739521,False
1010.619596,797.508989,1019.183611,809.911088,`,1014.9016035,803.7100385,False
1019.259592,800.880085,1032.901811,810.000729,0.5,1026.0807015,805.440407,False
769.540692,816.466850,785.632857,833.855725,j,777.5867745,825.1612875000001,False
791.260683,819.251208,821.404518,832.067818,Ø0.2,806.3326005,825.6595130000001,False
827.020669,819.251208,836.262484,832.067818,A,831.6415764999999,825.6595130000001,False
841.900663,819.251208,851.142478,832.067818,B,846.5215705,825.6595130000001,False
655.420738,835.066843,666.520571,852.455717,n,660.9706545,843.7612799999999,False
666.460733,839.771200,681.844529,852.587810,37,674.1526309999999,846.1795050000001,False
685.540726,839.771200,710.884518,852.587810,H12,698.212622,846.1795050000001,False
714.460714,835.634036,721.049117,853.935153,(,717.7549155,844.7845945,False
745.300702,835.634036,751.889104,853.935153,),748.5949029999999,844.7845945,False
719.740712,836.880070,725.499043,846.000715,+,722.6198775,841.4403925,False
726.100710,836.280071,745.382909,845.400715,0.25,735.7418095,840.840393,False
720.940712,845.160067,731.582956,855.120711,-0,726.2618339999999,850.140389,False
1563.832702,193.366806,1581.806998,213.119915,50°,1572.8198499999999,203.2433605,False
1418.610908,301.041533,1435.994681,310.919876,n,1427.3027945,305.9807045,False
1428.353547,294.223619,1441.166830,301.079880,4,1434.7601885,297.6517495,False
1451.610894,299.616547,1468.994668,310.319876,n,1460.3027809999999,304.96821150000005,False
1459.313896,284.771268,1474.166716,299.639880,60,1466.7403060000001,292.205574,False
1532.270923,381.936016,1545.087533,397.319841,13,1538.679228,389.6279285,False
1532.270923,352.755985,1545.087533,378.119847,MIN,1538.679228,365.437916,False
1657.540637,377.651385,1667.544521,390.467994,C,1662.542579,384.0596895,False
1513.659395,496.451337,1528.267324,509.267947,4x,1520.9633595,502.859642,False
1532.139392,496.451337,1577.643206,509.267947,M5x0.8,1554.891299,502.859642,False
1295.620462,614.979746,1310.603127,634.175431,U,1303.1117945,624.5775885,False
1315.059474,613.779747,1328.900801,632.975432,Y,1321.9801375,623.3775895,False
1324.059470,639.939736,1336.738707,659.135421,T,1330.3990884999998,649.5375785,False
1260.580303,614.619746,1273.259539,633.815431,Z,1266.919921,624.2175884999999,False
1275.099490,763.931230,1290.603344,776.747840,80,1282.851417,770.3395350000001,False
1292.379483,761.989003,1300.943498,774.391103,`,1296.6614905000001,768.190053,False
1300.899480,765.360099,1314.661698,774.480743,0.3,1307.780589,769.920421,False
1409.379436,651.586916,1430.463932,668.975791,b,1419.921684,660.2813535,False
1436.139426,653.891274,1455.483238,666.707884,0.1,1445.811332,660.299579,False
1461.219416,653.891274,1485.023195,666.707884,B-C,1473.1213054999998,660.299579,False
1411.899435,668.866909,1427.991600,686.255784,i,1419.9455175,677.5613464999999,False
1436.139426,673.811266,1455.483238,686.627876,0.1,1445.811332,680.2195710000001,False
1461.219416,673.811266,1485.023195,686.627876,B-C,1473.1213054999998,680.2195710000001,False
1657.900637,661.091271,1667.142452,673.907881,E,1662.5215445,667.4995759999999,False
1380.099448,768.706870,1396.191613,786.095744,i,1388.1455305,777.401307,False
1401.939439,773.531226,1421.163251,786.347836,0.2,1411.5513449999999,779.939531,False
1426.779429,773.531226,1450.703209,786.347836,B-C,1438.741319,779.939531,False
1658.260637,802.811214,1666.726527,815.627824,F,1662.493582,809.219519,False
978.460609,826.811205,993.188070,839.627815,4x,985.8243395,833.21951,False
998.860600,826.811205,1019.882984,839.627815,90°,1009.3717919999999,833.21951,False
769.540692,839.051200,814.924506,851.867810,M5x0.8,792.2325989999999,845.459505,False
818.740675,839.051200,823.354655,851.867810,-,821.047665,845.459505,False
827.260706,839.051200,855.724489,851.867810,Thru,841.4925975,845.459505,False
1657.540637,519.371328,1667.544521,532.187938,D,1662.542579,525.779633,False
1383.099447,729.106885,1398.737763,746.495760,f,1390.918605,737.8013225,False
1407.339437,731.411243,1426.563249,744.227853,0.1,1416.9513430000002,737.8195479999999,False
1432.179427,731.411243,1441.421242,744.227853,E,1436.8003345,737.8195479999999,False
1380.099448,746.386878,1401.637792,763.775753,c,1390.86862,755.0813155000001,False
1407.339437,751.211235,1426.563249,764.027845,0.1,1416.9513430000002,757.6195399999999,False
1185.099526,733.451242,1212.123371,746.267852,12.5,1198.6114484999998,739.859547,False
1213.899514,732.469015,1222.463529,744.871114,`,1218.1815215000001,738.6700645000001,False
1222.419511,735.840111,1227.901758,744.960755,2,1225.1606345,740.400433,False
986.860605,735.586883,997.960438,752.975757,n,992.4105215,744.28132,False
997.900601,740.291239,1013.404455,753.107849,51,1005.6525280000001,746.6995440000001,False
769.540692,799.331216,784.148564,812.147826,4x,776.8446280000001,805.739521,False
578.860768,857.411193,586.564590,870.227803,2,582.712679,863.8194980000001,False
1592.619358,266.534156,1598.214950,279.347249,5,1595.417154,272.9407025,False
1186.059526,705.611253,1212.963370,718.427863,12.5,1199.511448,712.019558,False
1214.859514,704.629026,1223.423529,717.031126,`,1219.1415215,710.830076,False
1223.379511,708.000122,1228.861757,717.120766,2,1226.1206339999999,712.560444,False
947.860621,708.219709,961.701948,727.415394,A,954.7812845000001,717.8175515,False
775.660690,748.811236,784.902505,761.627846,E,780.2815975000001,755.2195409999999,False
475.420810,787.186862,491.512974,804.575736,r,483.46689200000003,795.881299,False
499.780800,789.731220,537.484609,802.547830,Ø0.05,518.6327045,796.139525,False
543.100783,789.731220,567.024680,802.547830,B-C,555.0627314999999,796.139525,False
472.900811,807.346854,493.985307,824.735728,g,483.44305899999995,816.041291,False
505.060798,809.651212,532.084584,822.467822,0.03,518.572691,816.0595169999999,False
472.900811,829.451204,479.828708,842.267814,J,476.3647595,835.859509,False
479.860808,824.746847,511.072605,842.135721,#,495.4667065,833.441284,False
511.060796,829.451204,520.302610,842.267814,K,515.681703,835.859509,False
1657.900637,235.931441,1667.142452,248.748051,B,1662.5215445,242.339746,False
1392.939443,468.251348,1402.181258,481.067958,A,1397.5603505,474.659653,False
1296.339481,507.699789,1310.180808,526.895474,X,1303.2601445,517.2976315000001,False
1210.311051,781.535862,1223.127661,799.319680,Ra,1216.719356,790.4277709999999,False
1210.311051,758.495881,1223.127661,777.719693,1.6,1216.719356,768.107787,False
472.900811,759.946873,493.985307,777.335747,g,483.44305899999995,768.64131,False
505.060798,762.371231,532.084584,775.187841,0.03,518.572691,768.779536,False
179.020928,781.066865,190.120762,798.455739,n,184.57084500000002,789.761302,False
190.180924,785.771221,205.564749,798.587831,35,197.8728365,792.179526,False
209.140916,785.771221,226.804735,798.587831,H8,217.9728255,792.179526,False
230.380908,781.754057,236.969310,800.055175,(,233.67510900000002,790.904616,False
235.780906,783.000092,241.539237,792.120736,+,238.66007150000002,787.560414,False
236.980905,791.280089,240.264337,800.400733,-,238.622621,795.8404109999999,False
242.020903,782.520092,266.823171,791.640736,0.039,254.422037,787.080414,False
266.740893,781.754057,273.329296,800.055175,),270.0350945,790.904616,False
277.180889,781.066865,303.400355,798.455739,É,290.290622,789.761302,False
307.300866,785.771221,314.228763,798.587831,J,310.7648145,792.179526,False
314.260874,781.066865,345.472672,798.455739,#,329.86677299999997,789.761302,False
345.460862,785.771221,354.702677,798.587831,K,350.0817695,792.179526,False
242.020903,792.240088,247.503150,801.360733,0,244.7620265,796.8004105,False
771.100692,705.946895,792.639036,723.335769,c,781.869864,714.641332,False
798.340681,710.771251,817.564493,723.587861,0.1,807.952587,717.179556,False
729.820708,717.851248,745.204504,730.667858,15,737.512606,724.2595530000001,False
475.420810,739.786881,491.512974,757.175755,r,483.46689200000003,748.481318,False
499.780800,742.451239,537.484609,755.267848,Ø0.05,518.6327045,748.8595435,False
543.100783,742.451239,553.104666,755.267848,C,548.1027245,748.8595435,False
1620.699352,247.680578,1627.017441,260.400871,0.,1623.8583965,254.0407245,False
1627.059347,252.960576,1631.295530,262.080869,1,1629.1774384999999,257.52072250000003,False
1437.711315,417.816289,1450.527468,433.199827,17,1444.1193915,425.508058,False
1435.648734,407.475819,1448.050833,416.039834,`,1441.8497835,411.75782649999996,False
1439.019830,401.917590,1448.140474,407.399837,2,1443.580152,404.6587135,False
1268.859492,438.819817,1282.700819,458.015501,V,1275.7801555,448.41765899999996,False
1270.659492,468.579805,1290.249016,487.775490,W,1280.454254,478.17764750000003,False
1178.379535,455.292437,1185.925189,468.107659,5,1182.152362,461.70004800000004,False
1142.859506,461.052432,1157.205159,475.427650,8x,1150.0323325,468.240041,False
1160.979536,458.892429,1170.778029,471.707651,R,1165.8787825,465.30003999999997,False
1170.819542,456.852432,1178.365196,469.667654,1,1174.592369,463.260043,False
1111.191445,613.776202,1124.007599,648.479741,88.24,1117.599522,631.1279715000001,False
729.700705,700.179712,743.542031,719.375397,B,736.621368,709.7775545,False
637.660745,717.851248,653.044541,730.667858,15,645.352643,724.2595530000001,False
698.992610,756.576159,711.808764,774.239690,Ra,705.4006870000001,765.4079245,False
698.992610,733.416162,711.808764,752.639696,3.2,705.4006870000001,743.027929,False
223.540911,733.906883,234.640744,751.295758,n,229.0908275,742.6013204999999,False
234.580906,738.611240,249.964731,751.427850,21,242.2728185,745.019545,False
253.540899,738.611240,271.324717,751.427850,H7,262.432808,745.019545,False
274.780890,734.474076,281.369292,752.775194,(,278.075091,743.624635,False
280.180888,735.840111,285.939219,744.960755,+,283.0600535,740.400433,False
281.380887,744.000108,284.664319,753.120752,-,283.022603,748.56043,False
286.540885,735.120111,311.223154,744.240755,0.021,298.8820195,739.680433,False
311.260875,734.474076,317.849278,752.775194,),314.55507650000004,743.624635,False
321.700871,733.906883,347.920337,751.295758,É,334.810604,742.6013204999999,False
286.540885,744.960107,292.023132,754.080751,0,289.28200849999996,749.5204289999999,False
1613.979354,238.909222,1620.597104,251.311310,`,1617.288229,245.110266,False
1409.393554,317.856593,1428.086833,338.399865,B.C,1418.7401935,328.128229,False
1419.833548,314.331737,1432.646830,317.759867,.,1426.240189,316.045802,False
1130.379548,379.931384,1148.883334,392.747994,Ø9,1139.631441,386.339689,False
1152.699503,379.931384,1157.313482,392.747994,-,1155.0064925000001,386.339689,False
1161.219417,379.931384,1189.683258,392.747994,Thru,1175.4513375000001,386.339689,False
804.712568,433.176280,817.528721,460.199816,11.7,811.1206445,446.688048,False
779.140694,581.531520,786.388708,594.347849,5,782.7647010000001,587.9396845,False
752.380677,588.491524,766.218676,603.947852,4x,759.2996765,596.219688,False
769.780692,584.891520,779.192682,597.707849,R,774.4866870000001,591.2996845,False
484.900806,707.411253,499.508677,720.227863,2x,492.20474149999995,713.8195579999999,False
503.380799,707.411253,518.764594,720.227863,15,511.0726965,713.8195579999999,False
1585.179366,259.574162,1592.445584,272.387255,R,1588.8124750000002,265.9807085,False
1599.939360,229.571512,1611.892307,247.188037,37,1605.9158335000002,238.3797745,False
1628.979348,194.293396,1642.179151,213.707502,R5,1635.5792495,204.000449,False
734.860706,864.371190,752.644525,877.187800,Ra,743.7526155,870.779495,False
756.460693,864.371190,775.684505,877.187800,3.2,766.072599,870.779495,False
1367.631343,852.216100,1380.447496,869.999652,Ra,1374.0394195,861.107876,False
1367.631343,829.176104,1380.447496,848.399638,1.6,1374.0394195,838.787871,False
45.581282,802.811214,54.047172,815.627824,F,49.814227,809.219519,False
753.820718,501.133133,766.616428,517.667432,8x,760.2185730000001,509.4002825,False
770.020692,510.013125,785.536881,527.627424,R5,777.7787865,518.8202745,False
750.820743,524.173374,763.096612,541.187386,4x,756.9586775,532.68038,False
766.300693,534.253336,781.145723,552.587362,R5,773.723208,543.420349,False
806.512567,586.832117,819.328721,601.319759,2x,812.920644,594.075938,False
806.512567,559.896227,819.328721,582.959767,140,812.920644,571.427997,False
804.689986,549.555762,817.092086,558.119777,`,810.891036,553.8377694999999,False
808.061082,535.717562,817.181726,549.479780,0.5,812.621404,542.598671,False
502.672689,417.816289,515.488842,433.199827,16,509.0807655,425.508058,False
180.820928,729.491244,197.828822,742.307854,Rz,189.32487500000002,735.899549,False
201.700918,729.491244,220.924745,742.307854,6.3,211.31283150000002,735.899549,False
434.980826,679.211264,444.222641,692.027874,K,439.6017335,685.619569,False
438.100825,694.931258,445.804646,707.747868,L,441.9527355,701.339563,False
337.540432,705.219710,351.381759,724.415395,S,344.4610955,714.8175524999999,False
261.820895,707.411253,276.428796,720.227863,2x,269.1248455,713.8195579999999,False
280.300888,707.411253,295.684713,720.227863,15,287.9928005,713.8195579999999,False
87.701265,799.691216,97.705149,812.507826,C,92.703207,806.0995210000001,False
404.740838,536.171321,420.124663,548.987931,27,412.4327505,542.579626,False
1571.859407,246.974197,1582.531410,265.067288,2x,1577.1954085,256.0207425,False
1419.579432,354.219851,1456.522082,373.415535,C-C,1438.050757,363.81769299999996,False
1462.299468,354.219851,1469.209756,373.415535,(,1465.754612,363.81769299999996,False
1475.019486,354.219851,1486.557384,373.415535,1,1480.788435,363.81769299999996,False
1492.299497,354.219851,1498.068445,373.415535,:,1495.183971,363.81769299999996,False
1503.819582,354.219851,1515.357479,373.415535,1,1509.5885305000002,363.81769299999996,False
1521.219592,354.219851,1528.129880,373.415535,),1524.674736,363.81769299999996,False
1276.179490,367.059845,1310.780751,386.255530,A-A,1293.4801204999999,376.6576875,False
437.500825,652.331275,444.428722,665.147885,J,440.9647735,658.7395799999999,False
162.820935,662.531271,180.484753,675.347880,Ra,171.65284400000002,668.9395755,False
184.420937,662.531271,203.644764,675.347880,1.6,194.0328505,668.9395755,False
138.580945,776.771225,155.588839,789.587835,Rz,147.08489200000002,783.17953,False
159.460935,776.771225,178.684762,789.587835,6.3,169.07284850000002,783.17953,False
1130.379548,357.347034,1146.471713,374.735908,j,1138.4256305,366.041471,False
1152.219539,360.011392,1182.243316,372.828001,Ø0.1,1167.2314274999999,366.4196965,False
1187.859525,360.011392,1197.101340,372.828001,A,1192.4804325,366.4196965,False
1202.859519,360.011392,1226.663298,372.828001,B-C,1214.7614085,366.4196965,False
947.860621,369.099845,961.701948,388.295529,A,954.7812845000001,378.697687,False
726.940709,370.779844,740.782036,389.975529,B,733.8613725,380.3776865,False
671.992621,761.616136,684.808775,779.399688,Ra,678.4006979999999,770.507912,False
671.992621,738.576140,684.808774,757.799674,3.2,678.4006975,748.187907,False
77.021169,671.506908,98.105665,688.895783,b,87.563417,680.2013455,False
104.020958,673.811266,130.924781,686.627876,0.05,117.4728695,680.2195710000001,False
136.660945,673.811266,146.664829,686.627876,C,141.662887,680.2195710000001,False
76.781269,688.906901,98.319614,706.295776,c,87.5504415,697.6013385,False
104.020958,693.731258,130.924781,706.547868,0.05,117.4728695,700.139563,False
355.420858,536.171321,370.804683,548.987931,27,363.1127705,542.579626,False
236.152441,607.775983,248.969051,642.479743,24.74,242.560746,625.1278629999999,False
234.221311,599.641427,243.341956,605.399758,+,238.7816335,602.5205925,False
242.501308,600.916326,251.621952,604.199758,-,247.06162999999998,602.558042,False
233.621312,585.517542,242.741956,599.159760,0.1,238.18163399999997,592.338651,False
243.461308,593.677514,252.581952,599.159760,0,248.02163000000002,596.418637,False
158.632472,521.975989,171.449082,537.359785,55,165.040777,529.6678870000001,False
158.632472,599.855958,171.449082,615.359754,55,165.040777,607.607856,False
77.021169,649.186917,98.105665,666.575791,d,87.563417,657.881354,False
107.860957,654.011274,127.204776,666.827884,0.2,117.5328665,660.419579,False
137.020945,654.011274,146.262760,666.827884,A,141.6418525,660.419579,False
45.221282,661.091271,54.463097,673.907881,E,49.8421895,667.4995759999999,False
312.700875,371.739844,328.845631,390.935528,Q,320.773253,381.33768599999996,False
240.472439,519.455995,253.289049,546.359781,21.3,246.880744,532.907888,False
237.341310,511.321464,246.461955,517.079795,+,241.9016325,514.2006295,False
246.821306,512.596362,255.941951,515.879794,-,251.38162849999998,514.238078,False
237.341310,505.357549,246.461955,510.839796,0,241.9016325,508.0986725,False
247.061306,497.077577,256.181951,510.839796,0.1,251.6216285,503.9586865,False
82.421267,506.411333,100.205086,519.227943,Ra,91.3131765,512.8196379999999,False
104.021262,506.411333,123.245081,519.227943,1.6,113.6331715,512.8196379999999,False
44.741282,519.371328,54.745166,532.187938,D,49.743224,525.779633,False
490.180804,362.867032,511.265300,380.255906,g,500.72305200000005,371.561469,False
522.340791,365.291389,549.244577,378.107999,0.03,535.792684,371.699694,False
184.432462,456.575991,197.249072,483.599807,39.3,190.840767,470.087899,False
182.021332,448.561487,191.141977,454.319818,+,186.5816545,451.4406525,False
190.781329,449.716387,199.901973,452.999819,-,195.341651,451.358103,False
181.901332,442.477574,191.021977,447.959821,5,186.4616545,445.21869749999996,False
191.741328,442.477574,200.861973,447.959821,0,196.3016505,445.21869749999996,False
73.301171,454.306995,94.385667,471.695869,b,83.843419,463.001432,False
100.300960,456.611353,127.204775,469.427963,0.05,113.75286750000001,463.019658,False
132.940947,456.611353,142.182762,469.427963,B,137.56185449999998,463.019658,False
73.061271,471.586988,94.599615,488.975863,c,83.830443,480.2814255,False
100.300960,476.531345,127.204775,489.347955,0.05,113.75286750000001,482.93965000000003,False
160.432471,456.935986,173.249081,472.439811,54,166.840776,464.6878985,False
158.610245,446.595803,171.012344,455.159818,`,164.8112945,450.8778105,False
161.981340,432.877574,171.101985,446.639821,0.1,166.5416625,439.7586975,False
73.301171,431.987004,94.385667,449.375878,d,83.843419,440.681441,False
104.140958,436.811361,123.364778,449.627971,0.2,113.752868,443.21966599999996,False
132.940947,436.811361,142.182762,449.627971,A,137.56185449999998,443.21966599999996,False
209.500916,386.291381,227.284735,399.107991,Ra,218.39282550000001,392.69968600000004,False
231.100918,386.291381,250.324745,399.107991,3.2,240.7128315,392.69968600000004,False
1591.299363,217.787433,1599.876461,235.175900,n,1595.587912,226.48166650000002,False
1130.379548,340.211400,1144.987478,353.028009,4x,1137.683513,346.6197045,False
581.272303,575.191893,594.088913,589.799764,2x,587.680608,582.4958285,False
581.272303,536.616011,594.088913,571.319771,25.25,587.680608,553.967891,False
73.901270,385.787023,94.985767,403.175897,b,84.4435185,394.48145999999997,False
100.900960,388.091380,120.124779,400.907990,0.1,110.5128695,394.499685,False
124.060955,388.091380,142.486842,400.907990,CZ,133.2738985,394.499685,False
148.180941,388.091380,157.422756,400.907990,B,152.8018485,394.499685,False
73.781270,403.067016,95.319615,420.455890,c,84.5504425,411.761453,False
100.900960,407.891372,120.124779,420.707982,0.1,110.5128695,414.299677,False
124.060955,407.891372,142.486842,420.707982,CZ,133.2738985,414.299677,False
677.860729,333.227044,689.414410,350.615918,o,683.6375694999999,341.92148099999997,False
689.500724,337.931400,704.884520,350.748010,70,697.192622,344.339705,False
254.152434,391.056019,266.969044,398.759840,4,260.560739,394.9079295,False
44.741282,377.651385,54.745166,390.467994,C,49.743224,384.0596895,False
1615.059375,182.053432,1625.999058,199.907543,2x,1620.5292165,190.98048749999998,False
1374.086627,605.819920,1391.475502,616.919753,n,1382.7810645,611.3698365,False
1378.790984,590.375962,1391.607594,605.759758,90,1385.1992890000001,598.06786,False
1378.790984,561.455973,1391.607594,586.919765,H10,1385.1992890000001,574.187869,False
1374.653820,551.291374,1392.954938,557.879777,(,1383.8043790000002,554.5855755,False
1376.019855,546.721448,1385.140499,552.479779,+,1380.580177,549.6006135,False
1384.179851,547.996348,1393.300496,551.279779,-,1388.7401735,549.6380635,False
1375.419855,527.077582,1384.540499,546.239782,0.14,1379.980177,536.658682,False
1385.139851,540.757535,1394.260495,546.239782,0,1389.700173,543.4986584999999,False
1374.653820,520.331387,1392.954938,526.919789,),1383.8043790000002,523.625588,False
73.781270,368.171388,88.389164,380.987998,4x,81.085217,374.579693,False
1257.459500,290.041339,1261.277371,299.160632,°,1259.3684355,294.6009855,False
1369.791342,660.936177,1382.607495,678.719729,Ra,1376.1994184999999,669.827953,False
1369.791342,637.896180,1382.607495,657.119715,1.6,1376.1994184999999,647.5079475,False
492.700803,342.707040,508.792968,360.095914,r,500.74688549999996,351.401477,False
516.940793,345.371397,554.644602,358.188007,Ø0.05,535.7926975,351.77970200000004,False
560.380776,345.371397,569.622591,358.188007,B,565.0016835,351.77970200000004,False
674.380730,302.627056,685.480563,320.015930,n,679.9306465,311.32149300000003,False
685.420726,307.331413,708.484496,320.148023,137,696.9526109999999,313.73971800000004,False
1238.499505,291.470652,1246.789608,303.871018,`,1242.6445565,297.670835,False
1246.779501,291.361338,1257.366341,301.800630,45,1252.072921,296.580984,False
1340.379464,273.707068,1356.471629,291.095942,i,1348.4255465,282.401505,False
1366.059454,278.531424,1385.283266,291.348034,0.1,1375.6713599999998,284.939729,False
1394.859442,278.531424,1404.101257,291.348034,A,1399.4803495,284.939729,False
1193.391412,537.456243,1206.207566,556.679777,7.5,1199.799489,547.06801,False
1193.391412,508.156254,1206.207566,533.639781,MIN,1199.799489,520.8980174999999,False
168.340933,336.827042,179.440766,354.215916,n,173.8908495,345.521479,False
179.380928,341.531399,194.884753,354.348009,21,187.1328405,347.939704,False
198.340921,341.531399,216.124739,354.348009,H7,207.23283,347.939704,False
219.700912,337.394235,226.289314,355.695353,(,222.995113,346.544794,False
224.980910,338.760270,230.739241,347.880914,+,227.8600755,343.32059200000003,False
226.180910,346.920266,229.464341,356.040911,-,227.82262550000002,351.4805885,False
231.220908,338.040270,256.023162,347.160914,0.021,243.622035,342.600592,False
256.060898,337.394235,262.649300,355.695353,),259.355099,346.544794,False
266.500893,336.827042,292.720359,354.215916,É,279.610626,345.521479,False
231.220908,347.880266,236.703154,357.000910,0,233.96203100000002,352.440588,False
1216.779513,295.213001,1237.144475,311.987569,45°,1226.961994,303.600285,False
1193.391412,611.616214,1206.207566,630.839748,7.5,1199.799489,621.227981,False
1193.391412,582.436225,1206.207566,607.679751,MIN,1199.799489,595.057988,False
492.220803,299.267057,508.312968,316.655931,r,500.2668855,307.961494,False
516.460793,301.931415,554.164603,314.748025,Ø0.05,535.312698,308.33972,False
559.900776,301.931415,583.704673,314.748025,B-C,571.8027245,308.33972,False
489.700804,319.307049,510.785300,336.695923,g,500.24305200000003,328.001486,False
521.860791,321.731407,548.884577,334.548017,0.03,535.3726839999999,328.13971200000003,False
228.820908,293.880288,234.579240,303.000932,+,231.700074,298.44061,False
235.180906,294.000288,240.663153,303.120932,0,237.9220295,298.56061,False
550.312670,449.672138,563.128823,464.279781,2x,556.7207465,456.97595950000004,False
550.312670,418.896286,563.128823,445.799822,13.8,556.7207465,432.348054,False
128.260949,332.411403,145.148843,345.228013,Rz,136.70489600000002,338.819708,False
149.020939,332.411403,168.244766,345.228013,6.3,158.6328525,338.819708,False
170.620932,293.267060,181.720765,310.655934,n,176.1708485,301.961497,False
181.780927,297.971416,197.164752,310.788026,35,189.4728395,304.379721,False
200.740920,297.971416,219.964733,310.788026,M7,210.3528265,304.379721,False
223.540911,293.834252,230.129313,312.135370,(,226.83511199999998,302.98481100000004,False
230.140908,303.360284,233.424340,312.480928,-,231.782624,307.920606,False
235.180906,303.720284,259.983174,312.840928,0.025,247.58204,308.28060600000003,False
259.900896,293.834252,266.489298,312.135370,),263.19509700000003,302.98481100000004,False
270.340892,293.267060,296.560358,310.655934,É,283.450625,301.961497,False
552.952669,590.072092,565.768822,604.679734,2x,559.3607455,597.3759130000001,False
552.952669,551.616227,565.768822,586.319765,15.25,559.3607455,568.967996,False
79.901168,311.771411,89.142983,324.588021,B,84.5220755,318.179716,False
1433.271895,131.897561,1452.567304,150.839940,50°,1442.9195995,141.3687505,False
1340.379464,253.787075,1356.471629,271.175950,i,1348.4255465,262.4815125,False
1362.219455,258.731432,1389.123300,271.548042,0.05,1375.6713774999998,265.13973699999997,False
1394.859442,258.731432,1404.101257,271.548042,B,1399.4803495,265.13973699999997,False
502.672689,552.272177,515.488842,566.879820,2x,509.0807655,559.5759985,False
502.672689,532.896242,515.488842,548.399781,10,509.0807655,540.6480114999999,False
521.512327,580.831891,534.328937,595.319762,2x,527.9206320000001,588.0758265,False
521.512327,542.256009,534.328937,576.959769,25.25,527.9206320000001,559.607889,False
127.060949,288.851420,143.948843,301.668030,Rz,135.504896,295.259725,False
147.820940,288.851420,167.044766,301.668030,6.3,157.43285300000002,295.259725,False
1574.739370,71.054519,1587.408100,88.307250,90,1581.073735,79.68088449999999,False
1587.339375,79.934521,1591.878028,92.747251,°,1589.6087015,86.34088600000001,False
1657.900637,94.211498,1667.142452,107.028108,A,1662.5215445,100.619803,False
1447.781876,255.401002,1460.619875,267.599893,0.1,1454.2008755000002,261.5004475,False
745.313263,223.799864,760.046536,233.709778,.6,752.6798994999999,228.754821,False
1304.019478,195.707099,1319.657795,213.095973,f,1311.8386365000001,204.401536,False
1328.259469,198.011456,1355.283313,210.828066,0.03,1341.771391,204.419761,False
1360.899456,198.011456,1370.903339,210.828066,D,1365.9013975,204.419761,False
1301.019480,212.987092,1322.557824,230.375966,c,1311.788652,221.681529,False
1328.259469,217.811448,1355.283313,230.628058,0.05,1341.771391,224.21975300000003,False
372.700851,266.027071,383.800684,283.415945,n,378.2507675,274.721508,False
383.860846,270.731427,406.924675,283.548037,125,395.3927605,277.139732,False
1559.619391,60.494536,1571.652708,77.627266,4x,1565.6360495,69.060901,False
1411.299435,92.531499,1421.303319,105.348108,D,1416.301377,98.9398035,False
1332.339467,144.947119,1353.877812,162.335993,c,1343.1086395,153.64155599999998,False
1359.579456,149.771476,1386.483301,162.588086,0.05,1373.0313784999998,156.179781,False
1176.099530,169.539924,1188.778766,188.735609,Z,1182.439148,179.1377665,False
1194.699590,169.539924,1201.609878,188.735609,(,1198.154734,179.1377665,False
1207.299608,169.539924,1230.477473,188.735609,10,1218.8885405,179.1377665,False
1236.219586,169.539924,1241.988535,188.735609,:,1239.1040604999998,179.1377665,False
1247.739671,169.539924,1259.277569,188.735609,1,1253.50862,179.1377665,False
1265.019682,169.539924,1271.929969,188.735609,),1268.4748255,179.1377665,False
372.580851,242.499895,407.182201,261.695580,B-B,389.881526,252.0977375,False
1457.379417,40.299976,1472.362083,59.495661,R,1464.87075,49.8978185,False
1478.139469,40.299976,1485.049757,59.495661,(,1481.594613,49.8978185,False
1490.859487,40.299976,1502.397384,59.495661,1,1496.6284355,49.8978185,False
1508.139497,40.299976,1513.908446,59.495661,:,1511.0239714999998,49.8978185,False
1519.659582,40.299976,1531.197480,59.495661,1,1525.428531,49.8978185,False
1537.059593,40.299976,1543.969880,59.495661,),1540.5147365,49.8978185,False
1472.499411,70.059964,1487.482077,89.255649,C,1479.990744,79.65780649999999,False
1513.539451,69.339964,1528.522116,88.535649,C,1521.0307835,78.9378065,False
1431.833544,277.063616,1449.926827,294.239882,2.5,1440.8801855000002,285.651749,False
1440.451653,267.658168,1452.850286,275.279890,`,1446.6509695,271.469029,False
840.340664,152.991573,847.160648,165.390912,`,843.7506559999999,159.1912425,False
741.473270,217.079874,754.286545,223.749789,1,747.8799075,220.4148315,False
730.673304,198.479921,748.526554,213.789799,Ra,739.599929,206.13486,False
647.740741,183.587104,658.840574,200.975978,n,653.2906575,192.281541,False
658.780736,188.291460,674.164532,201.108070,29,666.472634,194.699765,False
675.940730,186.469233,684.504745,198.871333,`,680.2227375,192.67028299999998,False
684.580726,189.840329,698.342945,198.960974,0.5,691.4618355,194.40065149999998,False
855.820656,144.481675,858.961488,153.600607,°,857.391072,149.04114099999998,False
847.060661,147.841674,855.866416,160.320606,45,851.4635384999999,154.08114,False
1251.579502,89.162099,1260.241052,100.440512,5°,1255.910277,94.8013055,False
1613.740655,16.211529,1629.124509,29.028139,12,1621.432582,22.619833999999997,False
1398.230976,242.376078,1411.047586,250.079900,5,1404.639281,246.227989,False
1395.459847,234.361573,1404.580491,240.119904,+,1400.020169,237.2407385,False
1403.619844,235.636472,1412.740488,238.919904,-,1408.180166,237.278188,False
1394.859847,214.597663,1403.980492,233.879906,0.03,1399.4201695,224.2387845,False
1393.526620,184.500450,1410.915494,210.719916,É,1402.2210570000002,197.610183,False
1404.579843,228.397660,1413.700488,233.879906,0,1409.1401655,231.138783,False
835.420660,159.013418,839.834400,171.827528,°,837.62753,165.42047300000002,False
823.060671,163.693415,835.435762,181.187519,45,829.2482164999999,172.440467,False
1238.619505,80.271514,1246.483466,92.670957,`,1242.5514855,86.4712355,False
1246.539501,87.002101,1251.573457,96.120516,4,1249.0564789999999,91.5613085,False
1388.510980,91.776138,1401.327590,109.439956,Ra,1394.919285,100.608047,False
1388.510980,68.616142,1401.327590,87.839962,0.8,1394.919285,78.22805199999999,False
1217.139513,73.093945,1236.388601,92.027408,45°,1226.764057,82.5606765,False
1257.591033,174.696089,1270.407642,201.719919,0.15,1263.9993375,188.20800400000002,False
1254.459903,166.561602,1263.580548,172.319933,+,1259.0202255,169.4407675,False
1263.939900,167.836500,1273.060544,171.119932,-,1268.5002220000001,169.478216,False
1254.459903,160.597687,1263.580548,166.079934,0,1259.0202255,163.33881050000002,False
1264.299899,146.797690,1273.420544,166.079934,0.15,1268.8602215,156.43881199999998,False
662.500742,156.493919,666.896688,169.307390,°,664.698715,162.9006545,False
1472.020711,16.211529,1487.404566,29.028139,11,1479.7126385,22.619833999999997,False
1175.259530,51.819971,1189.100857,71.015656,Y,1182.1801934999999,61.41781350000001,False
1194.819532,51.819971,1201.729820,71.015656,(,1198.274676,61.41781350000001,False
1207.539550,51.819971,1230.597415,71.015656,10,1219.0684824999998,61.41781350000001,False
1236.459528,51.819971,1242.228477,71.015656,:,1239.3440025,61.41781350000001,False
1247.979613,51.819971,1259.517511,71.015656,1,1253.748562,61.41781350000001,False
1265.259623,51.819971,1272.169911,71.015656,),1268.714767,61.41781350000001,False
965.154963,137.802569,981.207960,151.079919,4x,973.1814615,144.44124399999998,False
972.714948,118.015049,989.607477,134.159946,R5,981.1612125,126.0874975,False
566.141179,136.597692,575.261823,150.239940,0.1,570.701501,143.418816,False
1330.300768,16.211529,1345.684622,29.028139,10,1337.992695,22.619833999999997,False
820.420672,85.211502,847.444458,98.028111,0.25,833.9325650000001,91.6198065,False
849.700658,81.960372,855.458989,91.081017,+,852.5798235,86.5206945,False
850.900660,91.440369,854.184092,100.561013,-,852.542376,96.000691,False
855.940658,81.960372,861.422904,91.081017,0,858.681781,86.5206945,False
855.940658,91.800368,875.102857,100.921013,0.25,865.5217574999999,96.3606905,False
536.873313,215.759904,551.606776,225.783307,.6,544.2400445000001,220.77160550000002,False
45.221282,235.931441,54.463097,248.748051,B,49.8421895,242.339746,False
1192.420823,16.211529,1200.124645,29.028139,9,1196.2727340000001,22.619833999999997,False
1183.431062,223.656070,1196.247672,250.679900,0.15,1189.839367,237.167985,False
1180.299933,215.641583,1189.420577,221.399914,+,1184.860255,218.5207485,False
1189.779929,216.916480,1198.900574,220.199912,-,1194.3402515,218.558196,False
1180.299933,209.677667,1189.420577,215.159914,0,1184.860255,212.4187905,False
1190.139929,195.877670,1199.260573,215.159914,0.15,1194.700251,205.518792,False
238.183122,152.933404,250.061432,162.479935,30,244.122277,157.7066695,False
650.260740,147.133914,662.491106,164.627387,30,656.3759230000001,155.8806505,False
1050.700880,16.211529,1058.404701,29.028139,8,1054.5527905,22.619833999999997,False
761.980695,59.139969,775.822022,78.335653,X,768.9013585,68.737811,False
781.660698,59.139969,788.570985,78.335653,(,785.1158415,68.737811,False
794.260715,59.139969,817.438639,78.335653,10,805.8496769999999,68.737811,False
823.180752,59.139969,828.949701,78.335653,:,826.0652265,68.737811,False
834.700720,59.139969,846.238618,78.335653,1,840.4696690000001,68.737811,False
851.980731,59.139969,858.891018,78.335653,),855.4358745,68.737811,False
606.820757,68.739965,626.410281,87.935650,W,616.615519,78.3378075,False
632.260734,68.739965,639.171022,87.935650,(,635.715878,78.3378075,False
644.980752,68.739965,656.518649,87.935650,5,650.7497005,78.3378075,False
662.260762,68.739965,668.029711,87.935650,:,665.1452365,78.3378075,False
673.780730,68.739965,685.318628,87.935650,1,679.549679,78.3378075,False
691.060740,68.739965,697.971028,87.935650,),694.515884,78.3378075,False
533.033318,209.039904,545.846784,215.703307,1,539.440051,212.3716055,False
522.233344,190.439924,540.086792,205.743307,Ra,531.1600679999999,198.0916155,False
115.540954,194.747099,126.640787,212.135973,n,121.0908705,203.44153599999999,False
126.700949,199.451456,142.084774,212.268066,29,134.3928615,205.859761,False
143.860942,197.509229,152.424957,209.911328,`,148.1429495,203.71027850000002,False
152.380939,200.880325,166.143187,210.000969,0.5,159.262063,205.440647,False
908.980936,16.211529,916.684758,29.028139,7,912.832847,22.619833999999997,False
701.872255,100.776133,714.688865,119.999952,0.8,708.2805599999999,110.3880425,False
293.275079,121.850405,310.168255,142.079943,45°,301.721667,131.965174,False
297.332797,111.494077,309.731802,119.759952,`,303.5322995,115.6270145,False
302.983275,106.188465,312.101354,111.479955,4,307.5423145,108.83421,False
243.583120,149.465167,252.701429,152.879935,°,248.14227449999998,151.172551,False
439.660824,137.173567,451.189244,155.147483,30,445.425034,146.160525,False
451.180818,147.493554,455.330763,160.307476,°,453.2557905,153.90051499999998,False
355.900858,153.371474,382.924673,166.188084,0.25,369.4127655,159.77977900000002,False
385.180844,150.240345,390.939175,159.360989,+,388.0600095,154.80066699999998,False
386.380845,159.720341,389.664277,168.840986,-,388.022561,164.2806635,False
391.420843,150.240345,396.903090,159.360989,0,394.1619665,154.80066699999998,False
391.420843,160.080341,410.703102,169.200985,0.25,401.0619725,164.64066300000002,False
220.795036,176.930017,237.568304,190.199924,60,229.18167,183.56497050000002,False
228.475023,172.081439,241.288298,176.879939,°,234.8816605,174.48068899999998,False
230.493095,162.385232,242.891778,169.799932,`,236.69243649999999,166.092582,False
138.100945,165.973981,158.335568,182.747352,30°,148.2182565,174.3606665,False
767.380993,16.211529,775.084815,29.028139,6,771.232904,22.619833999999997,False
1612.431742,158.879936,1626.565951,179.640138,10°,1619.4988465000001,169.260037,False
63.592710,164.256100,76.409320,183.599927,0.8,70.001015,173.92801350000002,False
62.610583,154.035920,75.012682,162.599935,`,68.8116325,158.3179275,False
65.981679,140.197691,75.102323,153.959938,0.1,70.542001,147.0788145,False
45.101282,94.211498,54.343097,107.028108,A,49.7221895,100.619803,False
404.740838,74.619962,418.582165,93.815647,V,411.6615015,84.2178045,False
424.420870,74.619962,431.331157,93.815647,(,427.8760135,84.2178045,False
437.140887,74.619962,448.678785,93.815647,5,442.90983600000004,84.2178045,False
454.420898,74.619962,460.189847,93.815647,:,457.3053725,84.2178045,False
465.940924,74.619962,477.478822,93.815647,1,471.709873,84.2178045,False
483.340935,74.619962,490.251222,93.815647,),486.7960785,84.2178045,False
304.423275,97.113139,314.981355,106.199961,5°,309.702315,101.65655000000001,False
200.741325,86.437720,209.861969,100.199960,0.1,205.301647,93.31884,False
204.952454,108.696132,217.769063,116.399953,1,211.36075849999997,112.54804250000001,False
201.341325,100.681626,210.461969,106.439957,+,205.90164700000003,103.5607915,False
210.221321,101.956526,219.341965,105.239958,-,214.78164299999997,103.598242,False
210.461321,86.437720,219.581965,100.199960,0.5,215.02164299999998,93.31884,False
74.753731,72.479925,89.487002,82.509835,.6,82.1203665,77.49488,False
279.580888,66.339966,294.563554,85.535650,U,287.072221,75.937808,False
300.340911,66.339966,307.251198,85.535650,(,303.79605449999997,75.937808,False
313.060929,66.339966,336.118823,85.535650,10,324.589876,75.937808,False
341.980936,66.339966,347.749885,85.535650,:,344.8654105,75.937808,False
353.500963,66.339966,365.038860,85.535650,1,359.26991150000003,75.937808,False
370.900973,66.339966,377.811261,85.535650,),374.35611700000004,75.937808,False
570.232308,158.856112,583.048917,166.559933,1,576.6406125,162.7080225,False
566.741178,150.841606,575.861823,156.599937,+,571.3015005,153.7207715,False
575.621175,152.116506,584.741819,155.399938,-,580.181497,153.758222,False
575.861175,136.597692,584.981819,150.239940,0.5,580.421497,143.418816,False
70.913738,65.759934,83.727013,72.429849,1,77.3203755,69.0948915,False
60.113772,47.159981,77.967023,62.469860,Ra,69.0403975,54.8149205,False
136.060946,59.259968,148.740182,78.455653,T,142.400564,68.8578105,False
154.540962,59.259968,161.451249,78.455653,(,157.9961055,68.8578105,False
167.260965,59.259968,178.798863,78.455653,5,173.02991400000002,68.8578105,False
184.660975,59.259968,190.429924,78.455653,:,187.54544950000002,68.8578105,False
196.180973,59.259968,207.718870,78.455653,1,201.94992150000002,68.8578105,False
213.460983,59.259968,220.371271,78.455653,),216.91612700000002,68.8578105,False
625.541050,16.091529,633.244872,28.908139,5,629.392961,22.499834,False
483.941106,16.211529,491.644928,29.028139,4,487.79301699999996,22.619833999999997,False
567.343079,61.628617,579.221279,69.719970,0°,573.282179,65.6742935,False
342.101163,16.211529,349.804985,29.028139,3,345.953074,22.619833999999997,False
547.194758,88.976556,563.968218,102.359959,60,555.581488,95.66825750000001,False
554.994747,84.246144,567.808213,89.039959,°,561.40148,86.6430515,False
556.892821,74.552714,569.291674,81.959967,`,563.0922475,78.2563405,False
564.463077,69.778187,573.581277,74.519970,3,569.022177,72.1490785,False
200.501220,16.211529,208.205042,29.028139,2,204.353131,22.619833999999997,False
498.832336,118.536128,511.648946,126.239950,1,505.240641,122.38803899999999,False
58.661277,16.211529,66.365098,29.028139,1,62.5131875,22.619833999999997,False
986.500605,865.811189,1013.524450,878.627799,69.5,1000.0125275,872.2194939999999,False
59.741276,992.034400,75.497923,999.307117,Raw,67.61959949999999,995.6707584999999,False
77.741273,992.034400,91.447009,999.307117,part,84.59414100000001,995.6707584999999,False
93.581266,992.034400,105.967008,999.307117,No:,99.774137,995.6707584999999,False
225.581259,1064.342753,251.317626,1069.826817,according,238.44944249999998,1067.084785,False
252.941259,1064.342753,257.917626,1069.826817,to,255.4294425,1067.084785,False
259.541258,1064.342753,269.701789,1069.826817,DIN,264.6215235,1067.084785,False
271.421252,1064.342753,281.553786,1069.826817,ISO,276.487519,1067.084785,False
283.301256,1064.342753,299.797623,1069.826817,13715,291.5494395,1067.084785,False
59.741276,1074.354367,88.846721,1081.627084,Nominal,74.2939985,1077.9907254999998,False
91.061273,1074.354367,123.912456,1081.627084,geometry,107.4868645,1077.9907254999998,False
126.221249,1074.354367,171.072468,1081.627084,(theoretically,148.6468585,1077.9907254999998,False
173.261261,1074.354367,194.839435,1081.627084,exact),184.05034799999999,1077.9907254999998,False
197.021256,1074.354367,222.992759,1081.627084,defined,210.0070075,1077.9907254999998,False
225.221264,1074.354367,233.592466,1081.627084,by,229.40686499999998,1077.9907254999998,False
235.781259,1074.354367,252.377844,1081.627084,CAD,244.0795515,1077.9907254999998,False
254.621188,1074.354367,267.006923,1081.627084,file:,260.8140555,1077.9907254999998,False
140.141244,1086.719970,228.783448,1095.840615,5152166_Rev04.stp,184.462346,1091.2802925,False
59.741276,1102.674356,102.847006,1109.947073,Cleanliness:,81.294141,1106.3107145,False
59.741276,1113.075261,76.427393,1121.480511,Part,68.0843345,1117.2778859999999,False
78.941280,1113.075261,93.564654,1121.480511,has,86.25296700000001,1117.2778859999999,False
96.221275,1113.075261,103.793514,1121.480511,to,100.0073945,1117.2778859999999,False
106.301278,1113.075261,116.393512,1121.480511,be,111.347395,1117.2778859999999,False
118.901276,1113.075261,161.993554,1121.480511,degreased,140.44741499999998,1117.2778859999999,False
164.501318,1113.075261,179.753565,1121.480511,and,172.1274415,1117.2778859999999,False
182.261329,1113.075261,197.993572,1121.480511,free,190.1274505,1117.2778859999999,False
200.501336,1113.075261,208.067459,1121.480511,of,204.2843975,1117.2778859999999,False
210.581331,1113.075261,247.067468,1121.480511,deposits.,228.8243995,1117.2778859999999,False
249.581340,1113.075261,294.113384,1121.480511,detachable,271.847362,1117.2778859999999,False
59.741276,1123.395257,80.484647,1131.800507,burrs,70.1129615,1127.597882,False
83.021269,1123.395257,98.273500,1131.800507,and,90.6473845,1127.597882,False
100.781264,1123.395257,124.038515,1131.800507,visual,112.40988949999999,1127.597882,False
126.581245,1123.395257,168.593497,1131.800507,detectable,147.58737100000002,1127.597882,False
171.101261,1123.395257,207.467392,1131.800507,particles.,189.2843265,1127.597882,False
59.741276,1136.634342,88.272467,1143.907059,Delivery,74.0068715,1140.2707005,False
90.461267,1136.634342,128.406996,1143.907059,conditions:,109.4341315,1140.2707005,False
475.060810,1112.411091,489.668711,1125.227701,2x,482.3647605,1118.8193959999999,False
493.540803,1107.706734,504.640636,1125.095608,n,499.0907195,1116.401171,False
504.580798,1112.411091,527.764568,1125.227701,134,516.172683,1118.8193959999999,False
531.220788,1117.799958,534.504219,1126.920602,-,532.8625035,1122.3602799999999,False
536.380785,1118.159958,550.023004,1127.280602,0.2,543.2018945,1122.72028,False
553.900825,1112.411091,572.446712,1125.227701,CT,563.1737685,1118.8193959999999,False
530.020788,1108.319962,535.779119,1117.440606,+,532.8999535,1112.8802839999998,False
536.380785,1108.319962,541.863032,1117.440606,0,539.1219085,1112.8802839999998,False
619.060752,1103.291094,636.844571,1116.107704,Ra,627.9526615,1109.699399,False
640.660740,1103.291094,659.884552,1116.107704,3.2,650.272646,1109.699399,False
753.340699,1094.411098,768.724494,1107.227708,10,761.0325965,1100.819403,False
772.540663,1094.411098,797.904584,1107.227708,MIN,785.2226235,1100.819403,False
753.580699,1121.051087,780.604485,1133.867697,15.1,767.092592,1127.459392,False
782.380687,1120.068860,790.944702,1132.470959,`,786.6626945,1126.2699095,False
791.020684,1123.439956,796.502930,1132.560600,2,793.761807,1128.000278,False
970.900611,1030.779580,985.883277,1049.975265,D,978.391944,1040.3774225,False
971.140612,1058.019569,986.123277,1077.215254,D,978.6319445,1067.6174115,False
342.101163,1164.131070,349.804985,1176.947680,3,345.953074,1170.5393749999998,False
483.941106,1164.251070,491.644928,1177.067680,4,487.79301699999996,1170.6593750000002,False
625.541050,1164.131070,633.244872,1176.947680,5,629.392961,1170.5393749999998,False
767.381016,1164.131070,775.084838,1176.947680,6,771.232927,1170.5393749999998,False
1451.619419,965.229798,1453.980015,971.787009,-,1452.799717,968.5084035,False
1491.579403,965.829798,1527.321090,972.387009,20.06.2018,1509.4502465,969.1084035,False
1547.259381,965.949798,1556.667662,972.507009,KB,1551.9635215,969.2284035,False
1576.659369,965.829798,1612.401056,972.387009,26.06.2018,1594.5302124999998,969.1084035,False
1630.419348,965.949798,1640.734494,972.507009,KG,1635.5769209999999,969.2284035,False
1451.619419,977.469793,1453.980015,984.027005,-,1452.799717,980.7483990000001,False
1491.579403,978.189793,1527.321090,984.747004,08.06.2018,1509.4502465,981.4683984999999,False
1547.259691,978.189793,1556.667972,984.747004,KB,1551.9638315,981.4683984999999,False
1576.659669,978.189793,1612.401356,984.747004,08.06.2018,1594.5305125,981.4683984999999,False
1630.899994,978.189793,1640.271303,984.747004,DF,1635.5856485,981.4683984999999,False
1153.179539,990.429788,1157.120954,996.986999,2,1155.1502464999999,993.7083935,False
1167.939533,989.709788,1203.164245,996.267000,Tolerances,1185.5518889999998,992.988394,False
1205.139757,989.709788,1232.481401,996.267000,changed,1218.810579,992.988394,False
1451.619419,989.709788,1453.980015,996.267000,-,1452.799717,992.988394,False
1491.579403,990.429788,1527.321090,996.986999,03.05.2018,1509.4502465,993.7083935,False
1547.259691,990.429788,1556.667972,996.986999,KB,1551.9638315,993.7083935,False
1576.659669,990.429788,1612.401356,996.986999,03.05.2018,1594.5305125,993.7083935,False
1630.899994,990.429788,1640.271303,996.986999,DF,1635.5856485,993.7083935,False
1153.179539,1002.669783,1157.120954,1009.226994,1,1155.1502464999999,1005.9483885,False
1167.939533,1001.949783,1182.990226,1008.506995,Start,1175.4648794999998,1005.228389,False
1184.979449,1001.949783,1211.910348,1008.506995,drawing.,1198.4448985,1005.228389,False
1213.899571,1001.949783,1250.241269,1008.506995,anodization,1232.07042,1005.228389,False
1252.299867,1001.949783,1281.990682,1008.506995,removed.,1267.1452745000001,1005.228389,False
1283.979906,1001.949783,1302.990765,1008.506995,layout,1293.4853355,1005.228389,False
1304.979988,1001.949783,1326.801563,1008.506995,update,1315.8907755,1005.228389,False
1451.619419,1001.949783,1453.980015,1008.506995,-,1452.799717,1005.228389,False
1491.579403,1002.669783,1527.321090,1009.226994,18.04.2018,1509.4502465,1005.9483885,False
1547.259691,1002.669783,1556.667972,1009.226994,KB,1551.9638315,1005.9483885,False
1576.659669,1002.669783,1612.401356,1009.226994,18.04.2018,1594.5305125,1005.9483885,False
1437.819425,1014.947386,1467.738370,1021.146955,SECTION,1452.7788974999999,1018.0471705,False
1500.459400,1014.947386,1518.369774,1021.146955,DATE,1509.414587,1018.0471705,False
1268.259493,1014.947386,1314.258403,1021.146955,DESCRIPTION,1291.2589480000001,1018.0471705,False
1148.019541,1079.874365,1174.925371,1087.147082,Weight:,1161.472456,1083.5107235,False
846.460661,1086.251101,861.068533,1099.067711,4x,853.764597,1092.659406,False
846.460661,1103.386736,862.552826,1120.775610,j,854.5067435,1112.081173,False
868.300653,1106.171093,898.324488,1118.987703,Ø0.2,883.3125705,1112.5793979999999,False
903.940638,1106.171093,913.182453,1118.987703,B,908.5615455,1112.5793979999999,False
184.421226,1151.519945,201.452433,1160.640589,ISO,192.9368295,1156.080267,False
204.221242,1151.519945,226.263476,1160.640589,2768,215.242359,1156.080267,False
229.061230,1151.519945,232.344662,1160.640589,-,230.702946,1156.080267,False
235.421206,1151.519945,250.820238,1160.640589,mH,243.120722,1156.080267,False
200.501243,1164.251070,208.205065,1177.067680,2,204.353154,1170.6593750000002,False
1167.939533,965.109798,1198.041153,971.667009,Redesign,1182.990343,968.3884035,False
1167.939533,977.469793,1203.164245,984.027005,Tolernaces,1185.5518889999998,980.7483990000001,False
1205.139757,977.469793,1232.481401,984.027005,changed,1218.810579,980.7483990000001,False
908.981001,1164.131070,916.684822,1176.947680,7,912.8329115,1170.5393749999998,False
1630.899994,1002.669783,1640.271303,1009.226994,DF,1635.5856485,1005.9483885,False
1533.819386,1014.947386,1559.298385,1021.146955,DRAWN,1546.5588855,1018.0471705,False
1561.179302,1014.947386,1570.089735,1021.146955,BY,1565.6345185,1018.0471705,False
1575.819370,1014.947386,1593.402606,1021.146955,INSP.,1584.610988,1018.0471705,False
1595.259265,1014.947386,1613.169640,1021.146955,DATE,1604.2144524999999,1018.0471705,False
1621.419351,1014.947386,1639.002587,1021.146955,INSP.,1630.210969,1018.0471705,False
1640.859247,1014.947386,1649.769680,1021.146955,BY,1645.3144635,1018.0471705,False
1368.339453,1026.467381,1400.538429,1032.666951,REVISION,1384.4389409999999,1029.5671659999998,False
1402.419346,1026.467381,1432.329619,1032.666951,HISTORY,1417.3744824999999,1029.5671659999998,False
141.941243,1136.879950,145.224675,1146.000595,-,143.582959,1141.4402725,False
59.741276,1150.914336,87.886709,1158.187054,General,73.8139925,1154.550695,False
90.101261,1150.914336,126.672439,1158.187054,tolerances,108.38685,1154.550695,False
128.861232,1150.914336,163.112740,1158.187054,according,145.986986,1154.550695,False
165.341245,1150.914336,174.126989,1158.187054,to:,169.734117,1154.550695,False
58.661277,1164.251070,66.365098,1177.067680,1,62.5131875,1170.6593750000002,False
550.180780,1077.731105,567.964598,1090.547714,Ra,559.0726890000001,1084.1394095,False
571.780767,1077.731105,591.004579,1090.547714,1.6,581.3926730000001,1084.1394095,False
446.140822,1083.946743,457.240655,1101.335618,n,451.6907385,1092.6411805,False
457.300817,1088.651100,480.364645,1101.467710,132,468.83273099999997,1095.059405,False
482.140807,1086.708873,490.704822,1099.110973,`,486.42281449999996,1092.9099230000002,False
490.780804,1090.079969,504.543022,1099.200613,0.1,497.661913,1094.640291,False
1153.179539,965.949798,1157.120954,972.507009,4,1155.1502464999999,969.2284035,False
1153.179539,978.189793,1157.120954,984.747004,3,1155.1502464999999,981.4683984999999,False
1148.019541,1037.512985,1185.358388,1045.560482,Copyright,1166.6889645,1041.5367335,False
1148.019541,1047.352981,1163.176744,1055.400478,The,1155.5981425,1051.3767295,False
1165.539562,1047.352981,1216.318484,1055.400478,reproduction.,1190.929023,1051.3767295,False
1218.819817,1047.352981,1260.857230,1055.400478,distribution,1239.8385235,1051.3767295,False
1263.340048,1047.352981,1277.777345,1055.400478,and,1270.5586965,1051.3767295,False
1280.260163,1047.352981,1316.537568,1055.400478,utilization,1298.3988654999998,1051.3767295,False
1319.020386,1047.352981,1326.239035,1055.400478,of,1322.6297104999999,1051.3767295,False
1328.620368,1047.352981,1342.209547,1055.400478,this,1335.4149575000001,1051.3767295,False
1344.579514,1047.352981,1382.878347,1055.400478,document,1363.7289305,1051.3767295,False
1385.259680,1047.352981,1394.529728,1055.400478,as,1389.8947039999998,1051.3767295,False
1397.019694,1047.352981,1411.911205,1055.400478,well,1404.4654495,1051.3767295,False
1414.419804,1047.352981,1423.569852,1055.400478,as,1418.994828,1051.3767295,False
1425.939818,1047.352981,1438.097032,1055.400478,the,1432.018425,1051.3767295,False
1440.459850,1047.352981,1499.057298,1055.400478,communication,1469.758574,1051.3767295,False
1501.540116,1047.352981,1508.758765,1055.400478,of,1505.1494404999999,1051.3767295,False
1511.140098,1047.352981,1519.930095,1055.400478,its,1515.5350965,1051.3767295,False
1522.300061,1047.352981,1555.209467,1055.400478,contents,1538.7547639999998,1051.3767295,False
1557.699433,1047.352981,1564.936597,1055.400478,to,1561.3180149999998,1051.3767295,False
1567.419415,1047.352981,1591.569518,1055.400478,others,1579.4944665,1051.3767295,False
1593.939484,1047.352981,1621.558261,1055.400478,without,1607.7488724999998,1051.3767295,False
1148.019541,1057.072977,1178.649673,1065.120474,express,1163.3346069999998,1061.0967255,False
1181.019640,1057.072977,1230.857120,1065.120474,authorization,1205.93838,1061.0967255,False
1233.339937,1057.072977,1239.609968,1065.120474,is,1236.4749525,1061.0967255,False
1241.979934,1057.072977,1282.678850,1065.120474,prohibited.,1262.329392,1061.0967255,False
1285.060184,1057.072977,1323.370267,1065.120474,Offenders,1304.2152255,1061.0967255,False
1325.740233,1057.072977,1337.871727,1065.120474,will,1331.80598,1061.0967255,False
1340.259431,1057.072977,1350.016679,1065.120474,be,1345.138055,1061.0967255,False
1352.379497,1057.072977,1368.856826,1065.120474,held,1360.6181615,1061.0967255,False
1371.219644,1057.072977,1391.537037,1065.120474,liable,1381.3783405,1061.0967255,False
1394.019855,1057.072977,1404.236969,1065.120474,for,1399.128412,1061.0967255,False
1406.619826,1057.072977,1418.777040,1065.120474,the,1412.698433,1061.0967255,False
1421.139858,1057.072977,1454.518641,1065.120474,payment,1437.8292495,1061.0967255,False
1456.899975,1057.072977,1464.238623,1065.120474,of,1460.569299,1061.0967255,False
1466.619957,1057.072977,1504.798790,1065.120474,damages.,1485.7093735,1061.0967255,False
1507.300123,1057.072977,1516.911562,1065.120474,All,1512.1058425,1061.0967255,False
1519.420160,1057.072977,1540.689403,1065.120474,rights,1530.0547815,1061.0967255,False
1543.059369,1057.072977,1577.056691,1065.120474,reserved,1560.0580300000001,1061.0967255,False
1579.419509,1057.072977,1586.176739,1065.120474,in,1582.798124,1061.0967255,False
1588.659557,1057.072977,1600.696771,1065.120474,the,1594.678164,1061.0967255,False
1603.179588,1057.072977,1624.438334,1065.120474,event,1613.808961,1061.0967255,False
1148.019541,1066.912973,1155.358189,1074.960470,of,1151.688865,1070.9367215,False
1157.739523,1066.912973,1169.896737,1074.960470,the,1163.81813,1070.9367215,False
1172.379555,1066.912973,1192.198292,1074.960470,grant,1182.2889235,1070.9367215,False
1194.579625,1066.912973,1201.798274,1074.960470,of,1198.1889495,1070.9367215,False
1204.179607,1066.912973,1209.016806,1074.960470,a,1206.5982065,1070.9367215,False
1211.499623,1066.912973,1238.158353,1074.960470,patent.,1224.828988,1070.9367215,False
1240.539687,1066.912973,1260.369763,1074.960470,utility,1250.454725,1070.9367215,False
1262.859729,1066.912973,1286.631265,1074.960470,model,1274.745497,1070.9367215,False
1289.019864,1066.912973,1296.717013,1074.960470,or,1292.8684385000001,1070.9367215,False
1299.099869,1066.912973,1327.198697,1074.960470,design.,1313.149283,1070.9367215,False
1329.699468,1066.912973,1347.508028,1074.960470,(ISO,1338.603748,1070.9367215,False
1349.979362,1066.912973,1377.116709,1074.960470,16016),1363.5480355,1070.9367215,False
1072.311832,1138.079552,1087.526593,1157.877165,lar),1079.9192125,1147.9783585,False
1065.351837,1093.199563,1078.166600,1100.809285,1,1071.7592184999999,1097.004424,False
1067.031835,1104.599555,1084.046596,1138.129275,(circu,1075.5392155,1121.364415,False
44.741282,1086.251101,54.745166,1099.067711,H,49.743224,1092.659406,False
1657.180637,944.531158,1667.960445,957.347768,G,1662.570541,950.9394629999999,False
1147.299541,1014.947386,1163.082836,1021.146955,REV.,1155.1911885,1018.0471705,False
842.140651,1060.572975,856.720910,1074.107185,4x,849.4307805000001,1067.34008,False
860.500656,1058.052974,885.813743,1072.427185,R50,873.1571995,1065.2400794999999,False
671.752621,1116.151905,684.568775,1130.879548,4x,678.1606979999999,1123.5157265,False
671.752621,1078.535992,684.568775,1112.399549,M6x1,678.1606979999999,1095.4677705,False
59.741276,1064.342753,85.477636,1069.826817,according,72.609456,1067.084785,False
87.101269,1064.342753,92.077636,1069.826817,to,89.5894525,1067.084785,False
93.701268,1064.342753,103.981799,1069.826817,DIN,98.8415335,1067.084785,False
105.581262,1064.342753,115.833804,1069.826817,ISO,110.707533,1067.084785,False
117.461260,1064.342753,130.717626,1069.826817,1302,124.08944299999999,1067.084785,False
976.900609,938.619617,991.883275,957.815302,R,984.391942,948.2174594999999,False
827.260671,1018.333860,834.843042,1031.146953,3,831.0518565,1024.7404065,False
782.860736,1024.933843,797.359412,1039.066935,4x,790.1100739999999,1032.000389,False
801.100680,1018.310953,812.025136,1035.694863,n,806.562908,1027.002908,False
812.020675,1019.653858,827.163044,1033.786950,14,819.5918595,1026.720404,False
715.180714,1020.699584,752.123423,1039.895269,D-D,733.6520685,1030.2974265,False
517.432683,1043.376041,530.248836,1062.719575,3.5,523.8407595,1053.047808,False
234.101206,1015.805621,254.494157,1026.774175,-0.2,244.2976815,1021.289898,False
234.101206,1027.205617,261.094149,1038.174170,-0.05,247.5976775,1032.6898935,False
270.941192,1027.205617,294.334146,1038.174170,+0.2,282.63766899999996,1032.6898935,False
89.021264,1026.011125,106.805083,1038.827735,Ra,97.9131735,1032.41943,False
110.621259,1026.011125,137.645082,1038.827735,12.5,124.1331705,1032.41943,False
573.940770,1004.651134,591.604589,1017.467744,Ra,582.7726795000001,1011.059439,False
595.420758,1004.651134,614.764570,1017.467744,3.2,605.092664,1011.059439,False
354.232748,1109.136017,367.048902,1116.839553,2,360.640825,1112.987785,False
354.232748,1051.385739,367.048902,1105.319555,(circular),360.640825,1078.3526470000002,False
204.221218,1006.314394,222.752723,1013.587111,Edge,213.48697049999998,1009.9507525,False
224.981228,1006.314394,245.646978,1013.587111,finish:,235.314103,1009.9507525,False
326.152759,1041.336044,338.968913,1049.039580,4,332.560836,1045.187812,False
323.261276,1033.321253,332.381920,1039.079584,+,327.821598,1036.2004185,False
331.421273,1034.476153,340.541917,1037.759585,-,335.98159499999997,1036.1178690000002,False
322.541276,1013.437387,331.661920,1032.719587,0.25,327.10159799999997,1023.078487,False
332.381272,1027.237340,341.501917,1032.719587,0,336.9415945,1029.9784635,False
59.741276,1006.314394,86.912754,1013.587111,Surface,73.327015,1009.9507525,False
89.261259,1006.314394,115.566992,1013.587111,texture:,102.4141255,1009.9507525,False
1150.899535,914.893963,1165.020547,930.826969,55,1157.960041,922.860466,False
1133.739547,920.990986,1143.884352,938.374903,n,1138.8119495,929.6829445000001,False
1143.939542,921.133967,1150.980556,933.946970,1,1147.460049,927.5404685,False
1124.979542,929.533956,1128.500049,942.346958,.,1126.7397955000001,935.9404569999999,False
1103.979558,933.613957,1125.002737,951.706963,B.C,1114.4911475,942.6604600000001,False
857.740653,919.813756,872.323458,933.347029,4x,865.0320555,926.5803925,False
876.100650,921.493757,886.068310,934.307030,R,881.08448,927.9003935000001,False
886.180638,922.213757,901.536558,935.747030,50,893.858598,928.9803935,False
825.232206,969.095757,838.048815,995.999602,69.5,831.6405105,982.5476795,False
593.860762,960.733091,605.991855,978.347204,20,599.9263085,969.5401475,False
605.980761,970.333090,610.305287,983.147201,°,608.143024,976.7401454999999,False
59.741276,977.994406,117.406703,985.267123,Surface/material,88.5739895,981.6307644999999,False
119.621255,977.994406,155.167011,985.267123,treatment:,137.394133,981.6307644999999,False
804.472640,919.603130,823.168699,938.999624,45°,813.8206694999999,929.301377,False
414.580834,932.019619,430.725590,951.215304,Q,422.653212,941.6174615,False
436.540857,932.019619,443.451145,951.215304,(,439.996001,941.6174615,False
449.260875,932.019619,460.798773,951.215304,2,455.02982399999996,941.6174615,False
466.660886,932.019619,472.429834,951.215304,:,469.54536,941.6174615,False
478.180912,932.019619,489.718810,951.215304,1,483.949861,941.6174615,False
495.460893,932.019619,502.371181,951.215304,),498.91603699999996,941.6174615,False
678.112619,987.456063,690.928772,1006.799597,1.6,684.5206955,997.1278299999999,False
678.112618,958.536028,690.928772,983.999581,H13,684.5206949999999,971.2678045,False
673.975100,948.371216,692.276218,954.959618,(,683.125659,951.6654169999999,False
675.341135,943.801289,684.461779,949.559620,+,679.9014569999999,946.6804545,False
683.501132,945.076189,692.621776,948.359621,-,688.0614539999999,946.717905,False
674.621135,924.157423,683.741780,943.319623,0.14,679.1814575,933.738523,False
684.461131,937.837376,693.581776,943.319623,0,689.0214535,940.5784994999999,False
673.975100,917.411228,692.276218,923.999630,),683.125659,920.7054290000001,False
362.740855,935.051162,380.524673,947.867771,Ra,371.632764,941.4594665,False
384.340842,935.051162,403.564654,947.867771,1.6,393.95274800000004,941.4594665,False
59.741276,943.074420,68.446729,950.347137,All,64.0940025,946.7107785000001,False
70.661281,943.074420,110.832464,950.347137,dimensions,90.7468725,946.7107785000001,False
113.021265,943.074420,131.832462,950.347137,apply,122.4268635,946.7107785000001,False
134.141255,943.074420,140.672742,950.347137,to,137.4069985,946.7107785000001,False
142.901247,943.074420,153.872738,950.347137,the,148.38699250000002,946.7107785000001,False
156.101243,943.074420,183.392743,950.347137,finished,169.746993,946.7107785000001,False
185.621248,943.074420,199.207006,950.347137,part,192.414127,946.7107785000001,False
201.461248,943.074420,232.712760,950.347137,including,217.087004,946.7107785000001,False
234.941201,943.074420,291.286592,950.347137,surface/material,263.1138965,946.7107785000001,False
59.741276,952.074416,95.407010,959.347133,treatment.,77.57414299999999,955.7107745000001,False
59.741276,963.714411,90.127017,970.987128,Material:,74.9341465,967.3507695000001,False
92.261263,963.637713,121.408454,972.400605,3.2315,106.8348585,968.019159,False
173.141231,963.834411,197.712428,971.107128,Quality,185.4268295,967.4707695,False
199.901221,963.834411,232.926980,971.107128,standard:,216.4141005,967.4707695,False
245.741202,963.720020,259.460220,972.840664,EN,252.600711,968.280342,False
262.181187,963.720020,287.463449,972.840664,755-2,274.822318,968.280342,False
490.552694,959.136077,503.368847,966.839613,1,496.96077049999997,962.987845,False
44.381282,944.531158,55.161090,957.347768,G,49.771186,950.9394629999999,False
570.952661,912.936093,583.768815,932.159627,3.5,577.3607380000001,922.54786,False
857.740644,890.774196,871.643775,905.986921,4x,864.6922095,898.3805585,False
875.380650,896.534190,884.886689,909.346918,R,880.1336695,902.940554,False
884.860651,899.654186,892.181091,912.466914,6,888.5208709999999,906.0605499999999,False
1050.700422,1164.131070,1058.404244,1176.947680,8,1054.552333,1170.5393749999998,False
1204.779518,1079.994365,1226.765291,1087.267082,Scale:,1215.7724045,1083.6307235,False
1158.819536,1092.359968,1177.981736,1101.480613,2.29,1168.4006359999998,1096.9202905,False
1180.779461,1092.359968,1191.181708,1101.480613,kg,1185.9805845,1096.9202905,False
1222.059511,1093.319968,1227.541758,1102.440612,1,1224.8006345,1097.88029,False
1230.339483,1093.319968,1233.080606,1102.440612,:,1231.7100445,1097.88029,False
1235.859464,1093.319968,1241.341711,1102.440612,2,1238.6005875,1097.88029,False
1261.419495,1079.874365,1277.765169,1087.147082,Unit:,1269.5923320000002,1083.5107235,False
1278.699489,1092.479968,1295.192954,1101.600612,mm,1286.9462215,1097.04029,False
1318.179473,1079.874365,1355.645224,1087.147082,Projection:,1336.9123485,1083.5107235,False
1318.179473,1091.394360,1331.736343,1098.667077,ISO,1324.9579079999999,1095.0307185000001,False
1334.019355,1091.394360,1347.150942,1098.667077,128,1340.5851484999998,1095.0307185000001,False
1318.179473,1100.274357,1344.511074,1107.547074,Method,1331.3452735,1103.9107155000002,False
1346.739594,1100.274357,1351.111087,1107.547074,1,1348.9253405,1103.9107155000002,False
1417.299433,1079.879973,1462.520445,1089.000618,Document,1439.9099390000001,1084.4402955,False
1465.179303,1079.879973,1486.640378,1089.000618,type:,1475.9098405,1084.4402955,False
1417.299433,1108.319962,1469.600455,1117.440606,Description:,1443.449944,1112.8802839999998,False
1181.619527,1123.451086,1201.583466,1136.267696,KB,1191.6014965,1129.859391,False
1188.459525,1153.696277,1210.631728,1159.240170,Drawing,1199.5456265,1156.4682235,False
1212.219377,1153.696277,1235.989792,1159.240170,Approval,1224.1045844999999,1156.4682235,False
1237.659238,1153.696277,1255.031485,1159.240170,Stamp,1246.3453614999999,1156.4682235,False
1192.420397,1164.131070,1200.124219,1176.947680,9,1196.272308,1170.5393749999998,False
1491.099404,1116.371089,1528.833537,1129.187699,Lower,1509.9664705,1122.7793940000001,False
1532.619471,1116.371089,1583.523502,1129.187699,Housing,1558.0714865,1122.7793940000001,False
1587.339670,1116.371089,1630.083507,1129.187699,AC+90,1608.7115885,1122.7793940000001,False
1221.459511,1124.165578,1280.972670,1135.134131,21.06.2018,1251.2160905,1129.6498545,False
1417.299433,1136.632945,1433.398078,1144.680442,Part,1425.3487555,1140.6566935,False
1435.779412,1136.632945,1469.158167,1144.680442,Number:,1452.4687895000002,1140.6566935,False
1165.299534,1139.752944,1202.536808,1147.800441,Prototype,1183.918171,1143.7766925,False
1204.899626,1139.752944,1233.496992,1147.800441,release,1219.1983089999999,1143.7766925,False
1236.699505,1139.752944,1247.416710,1147.800441,B2,1242.0581075,1143.7766925,False
1248.099641,1139.752944,1280.536955,1147.800441,-Sample,1264.3182980000001,1143.7766925,False
1615.779354,1136.632945,1638.598109,1144.680442,Page:,1627.1887315,1140.6566935,False
1498.059401,1145.771077,1552.083419,1158.587687,5152166,1525.07141,1152.179382,False
1323.219471,1153.312939,1356.742367,1161.360435,ENGINE,1339.980919,1157.336687,False
1359.099442,1153.312939,1389.616813,1161.360435,Division,1374.3581275000001,1157.336687,False
1330.300378,1164.131070,1345.684232,1176.947680,10,1337.992305,1170.5393749999998,False
1657.540637,1086.251101,1667.544521,1099.067711,H,1662.542579,1092.659406,False
1491.099404,1087.091101,1562.751529,1099.907711,Component,1526.9254664999999,1093.499406,False
1566.579533,1087.091101,1615.083514,1099.907711,drawing,1590.8315235,1093.499406,False
1472.020711,1164.251070,1487.404566,1177.067680,11,1479.7126385,1170.6593750000002,False
1622.499425,1147.325569,1629.092414,1158.294122,1,1625.7959194999999,1152.8098455,False
1632.579347,1147.325569,1635.875842,1158.294122,/,1634.2275945000001,1152.8098455,False
1639.299430,1147.325569,1645.892419,1158.294122,1,1642.5959245,1152.8098455,False
1612.900791,1164.251070,1629.964553,1177.067680,A2,1621.432672,1170.6593750000002,False
