;cluster;element
0;0;[['187.180925', '815.746851', '198.280758', '833.135725', 'n'], ['198.340921', '820.451207', '213.724746', '833.267817', '35']] [['217.300913', '816.840078', '223.059244', '825.960723', '+'], ['224.860910', '816.360079', '238.503158', '825.480723', '0,2'], ['217.300913', '826.320075', '223.059244', '835.440719', '+'], ['224.860910', '826.080075', '244.143154', '835.200719', '0,01']]
1;1;[['248.020901', '815.746851', '274.240367', '833.135725', 'É'], ['278.020877', '820.451207', '287.262692', '833.267817', 'K'], ['287.260885', '815.746851', '318.472682', '833.135725', '#'], ['318.580873', '820.451207', '326.284694', '833.267817', 'L']]
2;2;[['1111.191445', '494.016255', '1124.007599', '521.039792', '86,3']]
3;3;[['857.632547', '546.096232', '870.448700', '569.279772', '110']]
4;4;[['832.072557', '519.305960', '844.888711', '570.839772', '(209,74)']]
5;5;[['977.620609', '769.211228', '1000.804027', '782.027838', '110']]
6;6;[['591.940763', '812.619667', '605.782090', '831.815352', 'S'], ['611.500765', '812.619667', '618.411053', '831.815352', '('], ['624.220783', '812.619667', '635.758681', '831.815352', '2'], ['641.620794', '812.619667', '647.389743', '831.815352', ':'], ['653.140762', '812.619667', '664.678659', '831.815352', '1'], ['670.420772', '812.619667', '677.331060', '831.815352', ')']]
7;7;[['967.300113', '799.331216', '981.907984', '812.147826', '2x'], ['985.780606', '799.331216', '1008.844493', '812.147826', '140'], ['1010.619596', '797.508989', '1019.183611', '809.911088', '`'], ['1019.259592', '800.880085', '1032.901811', '810.000729', '0,5']]
8;8;[['769.540692', '816.466850', '785.632857', '833.855725', 'j'], ['791.260683', '819.251208', '821.404518', '832.067818', 'Ø0,2'], ['827.020669', '819.251208', '836.262484', '832.067818', 'A'], ['841.900663', '819.251208', '851.142478', '832.067818', 'B']] [['769.540692', '839.051200', '814.924506', '851.867810', 'M5x0,8'], ['818.740675', '839.051200', '823.354655', '851.867810', '-'], ['827.260706', '839.051200', '855.724489', '851.867810', 'Thru']]
9;9;[['655.420738', '835.066843', '666.520571', '852.455717', 'n'], ['666.460733', '839.771200', '681.844529', '852.587810', '37'], ['685.540726', '839.771200', '710.884518', '852.587810', 'H12'], ['714.460714', '835.634036', '721.049117', '853.935153', '(']]
10;10;[['745.300702', '835.634036', '751.889104', '853.935153', ')']]
11;11;[['719.740712', '836.880070', '725.499043', '846.000715', '+'], ['726.100710', '836.280071', '745.382909', '845.400715', '0,25'], ['720.940712', '845.160067', '731.582956', '855.120711', '-0']]
12;12;[['1563.832702', '193.366806', '1581.806998', '213.119915', '50°']]
13;13;[['1418.610908', '301.041533', '1435.994681', '310.919876', 'n'], ['1428.353547', '294.223619', '1441.166830', '301.079880', '4']]
14;14;[['1451.610894', '299.616547', '1468.994668', '310.319876', 'n'], ['1459.313896', '284.771268', '1474.166716', '299.639880', '60']]
15;15;[['1532.270923', '381.936016', '1545.087533', '397.319841', '13'], ['1532.270923', '352.755985', '1545.087533', '378.119847', 'MIN']]
16;16;[['1657.540637', '377.651385', '1667.544521', '390.467994', 'C']]
17;17;[['1513.659395', '496.451337', '1528.267324', '509.267947', '4x'], ['1532.139392', '496.451337', '1577.643206', '509.267947', 'M5x0.8']]
18;18;[['1295.620462', '614.979746', '1310.603127', '634.175431', 'U'], ['1315.059474', '613.779747', '1328.900801', '632.975432', 'Y'], ['1324.059470', '639.939736', '1336.738707', '659.135421', 'T']]
19;19;[['1260.580303', '614.619746', '1273.259539', '633.815431', 'Z']]
20;20;[['1275.099490', '763.931230', '1290.603344', '776.747840', '80'], ['1292.379483', '761.989003', '1300.943498', '774.391103', '`'], ['1300.899480', '765.360099', '1314.661698', '774.480743', '0,3']]
21;21;[['1409.379436', '651.586916', '1430.463932', '668.975791', 'b'], ['1436.139426', '653.891274', '1455.483238', '666.707884', '0,1'], ['1461.219416', '653.891274', '1485.023195', '666.707884', 'B-C'], ['1411.899435', '668.866909', '1427.991600', '686.255784', 'i'], ['1436.139426', '673.811266', '1455.483238', '686.627876', '0,1'], ['1461.219416', '673.811266', '1485.023195', '686.627876', 'B-C']]
22;22;[['1657.900637', '661.091271', '1667.142452', '673.907881', 'E']]
23;23;[['1380.099448', '768.706870', '1396.191613', '786.095744', 'i'], ['1401.939439', '773.531226', '1421.163251', '786.347836', '0,2'], ['1426.779429', '773.531226', '1450.703209', '786.347836', 'B-C']]
24;24;[['1658.260637', '802.811214', '1666.726527', '815.627824', 'F']]
25;25;[['978.460609', '826.811205', '993.188070', '839.627815', '4x'], ['998.860600', '826.811205', '1019.882984', '839.627815', '90°']]
26;26;[['1657.540637', '519.371328', '1667.544521', '532.187938', 'D']]
27;27;[['1383.099447', '729.106885', '1398.737763', '746.495760', 'f'], ['1407.339437', '731.411243', '1426.563249', '744.227853', '0,1'], ['1432.179427', '731.411243', '1441.421242', '744.227853', 'E'], ['1380.099448', '746.386878', '1401.637792', '763.775753', 'c'], ['1407.339437', '751.211235', '1426.563249', '764.027845', '0,1']]
28;28;[['1185.099526', '733.451242', '1212.123371', '746.267852', '12,5'], ['1213.899514', '732.469015', '1222.463529', '744.871114', '`'], ['1222.419511', '735.840111', '1227.901758', '744.960755', '2']]
29;29;[['986.860605', '735.586883', '997.960438', '752.975757', 'n'], ['997.900601', '740.291239', '1013.404455', '753.107849', '51']]
30;30;[['769.540692', '799.331216', '784.148564', '812.147826', '4x']]
31;31;[['578.860768', '857.411193', '586.564590', '870.227803', '2']]
32;32;[['1592.619358', '266.534156', '1598.214950', '279.347249', '5']] [['1585.179366', '259.574162', '1592.445584', '272.387255', 'R']] [['1571.859407', '246.974197', '1582.531410', '265.067288', '2x']]
33;33;[['1186.059526', '705.611253', '1212.963370', '718.427863', '12,5'], ['1214.859514', '704.629026', '1223.423529', '717.031126', '`'], ['1223.379511', '708.000122', '1228.861757', '717.120766', '2']]
34;34;[['947.860621', '708.219709', '961.701948', '727.415394', 'A']]
35;35;[['775.660690', '748.811236', '784.902505', '761.627846', 'E']]
36;36;[['475.420810', '787.186862', '491.512974', '804.575736', 'r'], ['499.780800', '789.731220', '537.484609', '802.547830', 'Ø0,05'], ['543.100783', '789.731220', '567.024680', '802.547830', 'B-C']]
37;37;[['472.900811', '807.346854', '493.985307', '824.735728', 'g'], ['505.060798', '809.651212', '532.084584', '822.467822', '0,03'], ['472.900811', '829.451204', '479.828708', '842.267814', 'J'], ['479.860808', '824.746847', '511.072605', '842.135721', '#'], ['511.060796', '829.451204', '520.302610', '842.267814', 'K']]
38;38;[['1657.900637', '235.931441', '1667.142452', '248.748051', 'B']]
39;39;[['1392.939443', '468.251348', '1402.181258', '481.067958', 'A']]
40;40;[['1296.339481', '507.699789', '1310.180808', '526.895474', 'X']]
41;41;[['1210.311051', '781.535862', '1223.127661', '799.319680', 'Ra'], ['1210.311051', '758.495881', '1223.127661', '777.719693', '1,6']]
42;42;[['472.900811', '759.946873', '493.985307', '777.335747', 'g'], ['505.060798', '762.371231', '532.084584', '775.187841', '0,03']]
43;43;[['179.020928', '781.066865', '190.120762', '798.455739', 'n'], ['190.180924', '785.771221', '205.564749', '798.587831', '35'], ['209.140916', '785.771221', '226.804735', '798.587831', 'H8'], ['230.380908', '781.754057', '236.969310', '800.055175', '('], ['235.780906', '783.000092', '241.539237', '792.120736', '+'], ['236.980905', '791.280089', '240.264337', '800.400733', '-'], ['242.020903', '782.520092', '266.823171', '791.640736', '0,039'], ['266.740893', '781.754057', '273.329296', '800.055175', ')'], ['277.180889', '781.066865', '303.400355', '798.455739', 'É'], ['307.300866', '785.771221', '314.228763', '798.587831', 'J'], ['314.260874', '781.066865', '345.472672', '798.455739', '#'], ['345.460862', '785.771221', '354.702677', '798.587831', 'K'], ['242.020903', '792.240088', '247.503150', '801.360733', '0']]
44;44;[['771.100692', '705.946895', '792.639036', '723.335769', 'c'], ['798.340681', '710.771251', '817.564493', '723.587861', '0,1']]
45;45;[['729.820708', '717.851248', '745.204504', '730.667858', '15']]
46;46;[['475.420810', '739.786881', '491.512974', '757.175755', 'r'], ['499.780800', '742.451239', '537.484609', '755.267848', 'Ø0,05'], ['543.100783', '742.451239', '553.104666', '755.267848', 'C']]
47;47;[['1620.699352', '247.680578', '1627.017441', '260.400871', '0,'], ['1627.059347', '252.960576', '1631.295530', '262.080869', '1']] [['1613.979354', '238.909222', '1620.597104', '251.311310', '`']] [['1599.939360', '229.571512', '1611.892307', '247.188037', '37']] [['1591.299363', '217.787433', '1599.876461', '235.175900', 'n']]
48;48;[['1437.711315', '417.816289', '1450.527468', '433.199827', '17'], ['1435.648734', '407.475819', '1448.050833', '416.039834', '`'], ['1439.019830', '401.917590', '1448.140474', '407.399837', '2']]
49;49;[['1268.859492', '438.819817', '1282.700819', '458.015501', 'V'], ['1270.659492', '468.579805', '1290.249016', '487.775490', 'W']]
50;50;[['1142.859506', '461.052432', '1157.205159', '475.427650', '8x'], ['1160.979536', '458.892429', '1170.778029', '471.707651', 'R'], ['1170.819542', '456.852432', '1178.365196', '469.667654', '1'], ['1178.379535', '455.292437', '1185.925189', '468.107659', '5']]
51;51;[['1111.191445', '613.776202', '1124.007599', '648.479741', '88,24']]
52;52;[['729.700705', '700.179712', '743.542031', '719.375397', 'B']]
53;53;[['637.660745', '717.851248', '653.044541', '730.667858', '15']]
54;54;[['698.992610', '756.576159', '711.808764', '774.239690', 'Ra'], ['698.992610', '733.416162', '711.808764', '752.639696', '3,2']] [['671.992621', '761.616136', '684.808775', '779.399688', 'Ra'], ['671.992621', '738.576140', '684.808774', '757.799674', '3,2']]
55;55;[['223.540911', '733.906883', '234.640744', '751.295758', 'n'], ['234.580906', '738.611240', '249.964731', '751.427850', '21'], ['253.540899', '738.611240', '271.324717', '751.427850', 'H7'], ['274.780890', '734.474076', '281.369292', '752.775194', '('], ['280.180888', '735.840111', '285.939219', '744.960755', '+'], ['281.380887', '744.000108', '284.664319', '753.120752', '-'], ['286.540885', '735.120111', '311.223154', '744.240755', '0,021'], ['311.260875', '734.474076', '317.849278', '752.775194', ')'], ['321.700871', '733.906883', '347.920337', '751.295758', 'É'], ['286.540885', '744.960107', '292.023132', '754.080751', '0']]
56;56;[['1409.393554', '317.856593', '1428.086833', '338.399865', 'B.C'], ['1419.833548', '314.331737', '1432.646830', '317.759867', '.']]
57;57;[['1130.379548', '379.931384', '1148.883334', '392.747994', 'Ø9'], ['1152.699503', '379.931384', '1157.313482', '392.747994', '-'], ['1161.219417', '379.931384', '1189.683258', '392.747994', 'Thru']]
58;58;[['804.712568', '433.176280', '817.528721', '460.199816', '11,7']]
59;59;[['752.380677', '588.491524', '766.218676', '603.947852', '4x'], ['769.780692', '584.891520', '779.192682', '597.707849', 'R'], ['779.140694', '581.531520', '786.388708', '594.347849', '5']]
60;60;[['484.900806', '707.411253', '499.508677', '720.227863', '2x'], ['503.380799', '707.411253', '518.764594', '720.227863', '15']]
61;61;[['1628.979348', '194.293396', '1642.179151', '213.707502', 'R5']] [['1615.059375', '182.053432', '1625.999058', '199.907543', '2x']] [['1612.431742', '158.879936', '1626.565951', '179.640138', '10°']]
62;62;[['734.860706', '864.371190', '752.644525', '877.187800', 'Ra'], ['756.460693', '864.371190', '775.684505', '877.187800', '3,2']]
63;63;[['1367.631343', '852.216100', '1380.447496', '869.999652', 'Ra'], ['1367.631343', '829.176104', '1380.447496', '848.399638', '1,6']]
64;64;[['45.581282', '802.811214', '54.047172', '815.627824', 'F']]
65;65;[['753.820718', '501.133133', '766.616428', '517.667432', '8x'], ['770.020692', '510.013125', '785.536881', '527.627424', 'R5'], ['750.820743', '524.173374', '763.096612', '541.187386', '4x'], ['766.300693', '534.253336', '781.145723', '552.587362', 'R5']]
66;66;[['806.512567', '586.832117', '819.328721', '601.319759', '2x'], ['806.512567', '559.896227', '819.328721', '582.959767', '140'], ['804.689986', '549.555762', '817.092086', '558.119777', '`'], ['808.061082', '535.717562', '817.181726', '549.479780', '0,5']]
67;67;[['502.672689', '417.816289', '515.488842', '433.199827', '16']]
68;68;[['180.820928', '729.491244', '197.828822', '742.307854', 'Rz'], ['201.700918', '729.491244', '220.924745', '742.307854', '6,3']]
69;69;[['434.980826', '679.211264', '444.222641', '692.027874', 'K'], ['438.100825', '694.931258', '445.804646', '707.747868', 'L']]
70;70;[['337.540432', '705.219710', '351.381759', '724.415395', 'S']]
71;71;[['261.820895', '707.411253', '276.428796', '720.227863', '2x'], ['280.300888', '707.411253', '295.684713', '720.227863', '15']]
72;72;[['87.701265', '799.691216', '97.705149', '812.507826', 'C']]
73;73;[['404.740838', '536.171321', '420.124663', '548.987931', '27']]
74;74;[['1419.579432', '354.219851', '1456.522082', '373.415535', 'C-C'], ['1462.299468', '354.219851', '1469.209756', '373.415535', '('], ['1475.019486', '354.219851', '1486.557384', '373.415535', '1'], ['1492.299497', '354.219851', '1498.068445', '373.415535', ':'], ['1503.819582', '354.219851', '1515.357479', '373.415535', '1'], ['1521.219592', '354.219851', '1528.129880', '373.415535', ')']]
75;75;[['1276.179490', '367.059845', '1310.780751', '386.255530', 'A-A']]
76;76;[['437.500825', '652.331275', '444.428722', '665.147885', 'J']]
77;77;[['162.820935', '662.531271', '180.484753', '675.347880', 'Ra'], ['184.420937', '662.531271', '203.644764', '675.347880', '1,6']]
78;78;[['138.580945', '776.771225', '155.588839', '789.587835', 'Rz'], ['159.460935', '776.771225', '178.684762', '789.587835', '6,3']]
79;79;[['1130.379548', '357.347034', '1146.471713', '374.735908', 'j'], ['1152.219539', '360.011392', '1182.243316', '372.828001', 'Ø0,1'], ['1187.859525', '360.011392', '1197.101340', '372.828001', 'A'], ['1202.859519', '360.011392', '1226.663298', '372.828001', 'B-C']]
80;80;[['947.860621', '369.099845', '961.701948', '388.295529', 'A']]
81;81;[['726.940709', '370.779844', '740.782036', '389.975529', 'B']]
82;82;[['77.021169', '671.506908', '98.105665', '688.895783', 'b'], ['104.020958', '673.811266', '130.924781', '686.627876', '0,05'], ['136.660945', '673.811266', '146.664829', '686.627876', 'C'], ['76.781269', '688.906901', '98.319614', '706.295776', 'c'], ['104.020958', '693.731258', '130.924781', '706.547868', '0,05']]
83;83;[['355.420858', '536.171321', '370.804683', '548.987931', '27']]
84;84;[['236.152441', '607.775983', '248.969051', '642.479743', '24,74'], ['234.221311', '599.641427', '243.341956', '605.399758', '+'], ['242.501308', '600.916326', '251.621952', '604.199758', '-'], ['233.621312', '585.517542', '242.741956', '599.159760', '0,1'], ['243.461308', '593.677514', '252.581952', '599.159760', '0']]
85;85;[['158.632472', '521.975989', '171.449082', '537.359785', '55']]
86;86;[['158.632472', '599.855958', '171.449082', '615.359754', '55']]
87;87;[['77.021169', '649.186917', '98.105665', '666.575791', 'd'], ['107.860957', '654.011274', '127.204776', '666.827884', '0,2'], ['137.020945', '654.011274', '146.262760', '666.827884', 'A']]
88;88;[['45.221282', '661.091271', '54.463097', '673.907881', 'E']]
89;89;[['312.700875', '371.739844', '328.845631', '390.935528', 'Q']]
90;90;[['240.472439', '519.455995', '253.289049', '546.359781', '21,3'], ['237.341310', '511.321464', '246.461955', '517.079795', '+'], ['246.821306', '512.596362', '255.941951', '515.879794', '-'], ['237.341310', '505.357549', '246.461955', '510.839796', '0'], ['247.061306', '497.077577', '256.181951', '510.839796', '0,1']]
91;91;[['82.421267', '506.411333', '100.205086', '519.227943', 'Ra'], ['104.021262', '506.411333', '123.245081', '519.227943', '1,6']]
92;92;[['44.741282', '519.371328', '54.745166', '532.187938', 'D']]
93;93;[['490.180804', '362.867032', '511.265300', '380.255906', 'g'], ['522.340791', '365.291389', '549.244577', '378.107999', '0,03']]
94;94;[['184.432462', '456.575991', '197.249072', '483.599807', '39,3'], ['182.021332', '448.561487', '191.141977', '454.319818', '+'], ['190.781329', '449.716387', '199.901973', '452.999819', '-'], ['181.901332', '442.477574', '191.021977', '447.959821', '5'], ['191.741328', '442.477574', '200.861973', '447.959821', '0']] [['160.432471', '456.935986', '173.249081', '472.439811', '54'], ['158.610245', '446.595803', '171.012344', '455.159818', '`'], ['161.981340', '432.877574', '171.101985', '446.639821', '0,1']]
95;95;[['73.301171', '454.306995', '94.385667', '471.695869', 'b'], ['100.300960', '456.611353', '127.204775', '469.427963', '0,05'], ['132.940947', '456.611353', '142.182762', '469.427963', 'B'], ['73.061271', '471.586988', '94.599615', '488.975863', 'c'], ['100.300960', '476.531345', '127.204775', '489.347955', '0,05']]
96;96;[['73.301171', '431.987004', '94.385667', '449.375878', 'd'], ['104.140958', '436.811361', '123.364778', '449.627971', '0,2'], ['132.940947', '436.811361', '142.182762', '449.627971', 'A']]
97;97;[['209.500916', '386.291381', '227.284735', '399.107991', 'Ra'], ['231.100918', '386.291381', '250.324745', '399.107991', '3,2']] [['254.152434', '391.056019', '266.969044', '398.759840', '4']]
98;98;[['1130.379548', '340.211400', '1144.987478', '353.028009', '4x']]
99;99;[['581.272303', '575.191893', '594.088913', '589.799764', '2x'], ['581.272303', '536.616011', '594.088913', '571.319771', '25,25']]
100;100;[['73.901270', '385.787023', '94.985767', '403.175897', 'b'], ['100.900960', '388.091380', '120.124779', '400.907990', '0,1'], ['124.060955', '388.091380', '142.486842', '400.907990', 'CZ'], ['148.180941', '388.091380', '157.422756', '400.907990', 'B'], ['73.781270', '403.067016', '95.319615', '420.455890', 'c'], ['100.900960', '407.891372', '120.124779', '420.707982', '0,1'], ['124.060955', '407.891372', '142.486842', '420.707982', 'CZ']]
101;101;[['677.860729', '333.227044', '689.414410', '350.615918', 'o'], ['689.500724', '337.931400', '704.884520', '350.748010', '70']]
102;102;[['44.741282', '377.651385', '54.745166', '390.467994', 'C']]
103;103;[['1374.086627', '605.819920', '1391.475502', '616.919753', 'n'], ['1378.790984', '590.375962', '1391.607594', '605.759758', '90'], ['1378.790984', '561.455973', '1391.607594', '586.919765', 'H10'], ['1374.653820', '551.291374', '1392.954938', '557.879777', '('], ['1376.019855', '546.721448', '1385.140499', '552.479779', '+'], ['1384.179851', '547.996348', '1393.300496', '551.279779', '-'], ['1375.419855', '527.077582', '1384.540499', '546.239782', '0,14'], ['1385.139851', '540.757535', '1394.260495', '546.239782', '0'], ['1374.653820', '520.331387', '1392.954938', '526.919789', ')']]
104;104;[['73.781270', '368.171388', '88.389164', '380.987998', '4x']]
105;105;[['1257.459500', '290.041339', '1261.277371', '299.160632', '°']]
106;106;[['1369.791342', '660.936177', '1382.607495', '678.719729', 'Ra'], ['1369.791342', '637.896180', '1382.607495', '657.119715', '1,6']]
107;107;[['492.700803', '342.707040', '508.792968', '360.095914', 'r'], ['516.940793', '345.371397', '554.644602', '358.188007', 'Ø0,05'], ['560.380776', '345.371397', '569.622591', '358.188007', 'B']]
108;108;[['674.380730', '302.627056', '685.480563', '320.015930', 'n'], ['685.420726', '307.331413', '708.484496', '320.148023', '137']]
109;109;[['1238.499505', '291.470652', '1246.789608', '303.871018', '`'], ['1246.779501', '291.361338', '1257.366341', '301.800630', '45']] [['1216.779513', '295.213001', '1237.144475', '311.987569', '45°']]
110;110;[['1340.379464', '273.707068', '1356.471629', '291.095942', 'i'], ['1366.059454', '278.531424', '1385.283266', '291.348034', '0,1'], ['1394.859442', '278.531424', '1404.101257', '291.348034', 'A']] [['1340.379464', '253.787075', '1356.471629', '271.175950', 'i'], ['1362.219455', '258.731432', '1389.123300', '271.548042', '0,05'], ['1394.859442', '258.731432', '1404.101257', '271.548042', 'B']]
111;111;[['1193.391412', '537.456243', '1206.207566', '556.679777', '7,5'], ['1193.391412', '508.156254', '1206.207566', '533.639781', 'MIN']]
112;112;[['168.340933', '336.827042', '179.440766', '354.215916', 'n'], ['179.380928', '341.531399', '194.884753', '354.348009', '21'], ['198.340921', '341.531399', '216.124739', '354.348009', 'H7'], ['219.700912', '337.394235', '226.289314', '355.695353', '('], ['224.980910', '338.760270', '230.739241', '347.880914', '+'], ['226.180910', '346.920266', '229.464341', '356.040911', '-'], ['231.220908', '338.040270', '256.023162', '347.160914', '0,021'], ['256.060898', '337.394235', '262.649300', '355.695353', ')'], ['266.500893', '336.827042', '292.720359', '354.215916', 'É'], ['231.220908', '347.880266', '236.703154', '357.000910', '0']]
113;113;[['1193.391412', '611.616214', '1206.207566', '630.839748', '7,5'], ['1193.391412', '582.436225', '1206.207566', '607.679751', 'MIN']]
114;114;[['492.220803', '299.267057', '508.312968', '316.655931', 'r'], ['516.460793', '301.931415', '554.164603', '314.748025', 'Ø0,05'], ['559.900776', '301.931415', '583.704673', '314.748025', 'B-C'], ['489.700804', '319.307049', '510.785300', '336.695923', 'g'], ['521.860791', '321.731407', '548.884577', '334.548017', '0,03']]
115;115;[['228.820908', '293.880288', '234.579240', '303.000932', '+'], ['235.180906', '294.000288', '240.663153', '303.120932', '0']] [['170.620932', '293.267060', '181.720765', '310.655934', 'n'], ['181.780927', '297.971416', '197.164752', '310.788026', '35'], ['200.740920', '297.971416', '219.964733', '310.788026', 'M7'], ['223.540911', '293.834252', '230.129313', '312.135370', '('], ['230.140908', '303.360284', '233.424340', '312.480928', '-'], ['235.180906', '303.720284', '259.983174', '312.840928', '0,025'], ['259.900896', '293.834252', '266.489298', '312.135370', ')'], ['270.340892', '293.267060', '296.560358', '310.655934', 'É']]
116;116;[['550.312670', '449.672138', '563.128823', '464.279781', '2x'], ['550.312670', '418.896286', '563.128823', '445.799822', '13,8']]
117;117;[['128.260949', '332.411403', '145.148843', '345.228013', 'Rz'], ['149.020939', '332.411403', '168.244766', '345.228013', '6,3']]
118;118;[['552.952669', '590.072092', '565.768822', '604.679734', '2x'], ['552.952669', '551.616227', '565.768822', '586.319765', '15,25']]
119;119;[['79.901168', '311.771411', '89.142983', '324.588021', 'B']]
120;120;[['1433.271895', '131.897561', '1452.567304', '150.839940', '50°']]
121;121;[['502.672689', '552.272177', '515.488842', '566.879820', '2x'], ['502.672689', '532.896242', '515.488842', '548.399781', '10'], ['521.512327', '580.831891', '534.328937', '595.319762', '2x'], ['521.512327', '542.256009', '534.328937', '576.959769', '25,25']]
122;122;[['127.060949', '288.851420', '143.948843', '301.668030', 'Rz'], ['147.820940', '288.851420', '167.044766', '301.668030', '6,3']]
123;123;[['1574.739370', '71.054519', '1587.408100', '88.307250', '90'], ['1587.339375', '79.934521', '1591.878028', '92.747251', '°']] [['1559.619391', '60.494536', '1571.652708', '77.627266', '4x']]
124;124;[['1657.900637', '94.211498', '1667.142452', '107.028108', 'A']]
125;125;[['1447.781876', '255.401002', '1460.619875', '267.599893', '0,1']]
126;126;[['745.313263', '223.799864', '760.046536', '233.709778', ',6']]
127;127;[['1304.019478', '195.707099', '1319.657795', '213.095973', 'f'], ['1328.259469', '198.011456', '1355.283313', '210.828066', '0,03'], ['1360.899456', '198.011456', '1370.903339', '210.828066', 'D'], ['1301.019480', '212.987092', '1322.557824', '230.375966', 'c'], ['1328.259469', '217.811448', '1355.283313', '230.628058', '0,05']]
128;128;[['372.700851', '266.027071', '383.800684', '283.415945', 'n'], ['383.860846', '270.731427', '406.924675', '283.548037', '125']] [['372.580851', '242.499895', '407.182201', '261.695580', 'B-B']]
129;129;[['1411.299435', '92.531499', '1421.303319', '105.348108', 'D']] [['1388.510980', '91.776138', '1401.327590', '109.439956', 'Ra'], ['1388.510980', '68.616142', '1401.327590', '87.839962', '0,8']]
130;130;[['1332.339467', '144.947119', '1353.877812', '162.335993', 'c'], ['1359.579456', '149.771476', '1386.483301', '162.588086', '0,05']]
131;131;[['1176.099530', '169.539924', '1188.778766', '188.735609', 'Z'], ['1194.699590', '169.539924', '1201.609878', '188.735609', '('], ['1207.299608', '169.539924', '1230.477473', '188.735609', '10'], ['1236.219586', '169.539924', '1241.988535', '188.735609', ':'], ['1247.739671', '169.539924', '1259.277569', '188.735609', '1'], ['1265.019682', '169.539924', '1271.929969', '188.735609', ')']]
132;132;[['1457.379417', '40.299976', '1472.362083', '59.495661', 'R'], ['1478.139469', '40.299976', '1485.049757', '59.495661', '('], ['1490.859487', '40.299976', '1502.397384', '59.495661', '1'], ['1508.139497', '40.299976', '1513.908446', '59.495661', ':'], ['1519.659582', '40.299976', '1531.197480', '59.495661', '1'], ['1537.059593', '40.299976', '1543.969880', '59.495661', ')'], ['1472.499411', '70.059964', '1487.482077', '89.255649', 'C'], ['1513.539451', '69.339964', '1528.522116', '88.535649', 'C']]
133;133;[['1431.833544', '277.063616', '1449.926827', '294.239882', '2,5'], ['1440.451653', '267.658168', '1452.850286', '275.279890', '`']]
134;134;[['840.340664', '152.991573', '847.160648', '165.390912', '`']] [['847.060661', '147.841674', '855.866416', '160.320606', '45'], ['855.820656', '144.481675', '858.961488', '153.600607', '°']] [['823.060671', '163.693415', '835.435762', '181.187519', '45'], ['835.420660', '159.013418', '839.834400', '171.827528', '°']]
135;135;[['730.673304', '198.479921', '748.526554', '213.789799', 'Ra'], ['741.473270', '217.079874', '754.286545', '223.749789', '1']]
136;136;[['647.740741', '183.587104', '658.840574', '200.975978', 'n'], ['658.780736', '188.291460', '674.164532', '201.108070', '29'], ['675.940730', '186.469233', '684.504745', '198.871333', '`'], ['684.580726', '189.840329', '698.342945', '198.960974', '0,5']]
137;137;[['1251.579502', '89.162099', '1260.241052', '100.440512', '5°']] [['1238.619505', '80.271514', '1246.483466', '92.670957', '`'], ['1246.539501', '87.002101', '1251.573457', '96.120516', '4']]
138;138;[['1613.740655', '16.211529', '1629.124509', '29.028139', '12']]
139;139;[['1398.230976', '242.376078', '1411.047586', '250.079900', '5'], ['1395.459847', '234.361573', '1404.580491', '240.119904', '+'], ['1403.619844', '235.636472', '1412.740488', '238.919904', '-'], ['1394.859847', '214.597663', '1403.980492', '233.879906', '0,03'], ['1393.526620', '184.500450', '1410.915494', '210.719916', 'É'], ['1404.579843', '228.397660', '1413.700488', '233.879906', '0']]
140;140;[['1217.139513', '73.093945', '1236.388601', '92.027408', '45°']] [['1175.259530', '51.819971', '1189.100857', '71.015656', 'Y'], ['1194.819532', '51.819971', '1201.729820', '71.015656', '('], ['1207.539550', '51.819971', '1230.597415', '71.015656', '10'], ['1236.459528', '51.819971', '1242.228477', '71.015656', ':'], ['1247.979613', '51.819971', '1259.517511', '71.015656', '1'], ['1265.259623', '51.819971', '1272.169911', '71.015656', ')']]
141;141;[['1257.591033', '174.696089', '1270.407642', '201.719919', '0,15'], ['1254.459903', '166.561602', '1263.580548', '172.319933', '+'], ['1263.939900', '167.836500', '1273.060544', '171.119932', '-'], ['1254.459903', '160.597687', '1263.580548', '166.079934', '0'], ['1264.299899', '146.797690', '1273.420544', '166.079934', '0,15']]
142;142;[['662.500742', '156.493919', '666.896688', '169.307390', '°']] [['650.260740', '147.133914', '662.491106', '164.627387', '30']]
143;143;[['1472.020711', '16.211529', '1487.404566', '29.028139', '11']]
144;144;[['965.154963', '137.802569', '981.207960', '151.079919', '4x'], ['972.714948', '118.015049', '989.607477', '134.159946', 'R5']]
145;145;[['566.141179', '136.597692', '575.261823', '150.239940', '0,1']] [['570.232308', '158.856112', '583.048917', '166.559933', '1'], ['566.741178', '150.841606', '575.861823', '156.599937', '+'], ['575.621175', '152.116506', '584.741819', '155.399938', '-'], ['575.861175', '136.597692', '584.981819', '150.239940', '0,5']]
146;146;[['1330.300768', '16.211529', '1345.684622', '29.028139', '10']]
147;147;[['820.420672', '85.211502', '847.444458', '98.028111', '0,25'], ['849.700658', '81.960372', '855.458989', '91.081017', '+'], ['850.900660', '91.440369', '854.184092', '100.561013', '-'], ['855.940658', '81.960372', '861.422904', '91.081017', '0'], ['855.940658', '91.800368', '875.102857', '100.921013', '0,25']]
148;148;[['536.873313', '215.759904', '551.606776', '225.783307', ',6']]
149;149;[['45.221282', '235.931441', '54.463097', '248.748051', 'B']]
150;150;[['1192.420823', '16.211529', '1200.124645', '29.028139', '9']]
151;151;[['1183.431062', '223.656070', '1196.247672', '250.679900', '0,15'], ['1180.299933', '215.641583', '1189.420577', '221.399914', '+'], ['1189.779929', '216.916480', '1198.900574', '220.199912', '-'], ['1180.299933', '209.677667', '1189.420577', '215.159914', '0'], ['1190.139929', '195.877670', '1199.260573', '215.159914', '0,15']]
152;152;[['238.183122', '152.933404', '250.061432', '162.479935', '30']] [['243.583120', '149.465167', '252.701429', '152.879935', '°']]
153;153;[['1050.700880', '16.211529', '1058.404701', '29.028139', '8']]
154;154;[['761.980695', '59.139969', '775.822022', '78.335653', 'X'], ['781.660698', '59.139969', '788.570985', '78.335653', '('], ['794.260715', '59.139969', '817.438639', '78.335653', '10'], ['823.180752', '59.139969', '828.949701', '78.335653', ':'], ['834.700720', '59.139969', '846.238618', '78.335653', '1'], ['851.980731', '59.139969', '858.891018', '78.335653', ')']]
155;155;[['606.820757', '68.739965', '626.410281', '87.935650', 'W'], ['632.260734', '68.739965', '639.171022', '87.935650', '('], ['644.980752', '68.739965', '656.518649', '87.935650', '5'], ['662.260762', '68.739965', '668.029711', '87.935650', ':'], ['673.780730', '68.739965', '685.318628', '87.935650', '1'], ['691.060740', '68.739965', '697.971028', '87.935650', ')']]
156;156;[['522.233344', '190.439924', '540.086792', '205.743307', 'Ra'], ['533.033318', '209.039904', '545.846784', '215.703307', '1']]
157;157;[['115.540954', '194.747099', '126.640787', '212.135973', 'n'], ['126.700949', '199.451456', '142.084774', '212.268066', '29'], ['143.860942', '197.509229', '152.424957', '209.911328', '`'], ['152.380939', '200.880325', '166.143187', '210.000969', '0,5']]
158;158;[['908.980936', '16.211529', '916.684758', '29.028139', '7']]
159;159;[['701.872255', '100.776133', '714.688865', '119.999952', '0,8']]
160;160;[['293.275079', '121.850405', '310.168255', '142.079943', '45°'], ['297.332797', '111.494077', '309.731802', '119.759952', '`'], ['302.983275', '106.188465', '312.101354', '111.479955', '4']]
161;161;[['439.660824', '137.173567', '451.189244', '155.147483', '30'], ['451.180818', '147.493554', '455.330763', '160.307476', '°']]
162;162;[['355.900858', '153.371474', '382.924673', '166.188084', '0,25'], ['385.180844', '150.240345', '390.939175', '159.360989', '+'], ['386.380845', '159.720341', '389.664277', '168.840986', '-'], ['391.420843', '150.240345', '396.903090', '159.360989', '0'], ['391.420843', '160.080341', '410.703102', '169.200985', '0,25']]
163;163;[['220.795036', '176.930017', '237.568304', '190.199924', '60'], ['228.475023', '172.081439', '241.288298', '176.879939', '°'], ['230.493095', '162.385232', '242.891778', '169.799932', '`']]
164;164;[['138.100945', '165.973981', '158.335568', '182.747352', '30°']]
165;165;[['767.380993', '16.211529', '775.084815', '29.028139', '6']]
166;166;[['63.592710', '164.256100', '76.409320', '183.599927', '0,8'], ['62.610583', '154.035920', '75.012682', '162.599935', '`'], ['65.981679', '140.197691', '75.102323', '153.959938', '0,1']]
167;167;[['45.101282', '94.211498', '54.343097', '107.028108', 'A']]
168;168;[['404.740838', '74.619962', '418.582165', '93.815647', 'V'], ['424.420870', '74.619962', '431.331157', '93.815647', '('], ['437.140887', '74.619962', '448.678785', '93.815647', '5'], ['454.420898', '74.619962', '460.189847', '93.815647', ':'], ['465.940924', '74.619962', '477.478822', '93.815647', '1'], ['483.340935', '74.619962', '490.251222', '93.815647', ')']]
169;169;[['304.423275', '97.113139', '314.981355', '106.199961', '5°']]
170;170;[['200.741325', '86.437720', '209.861969', '100.199960', '0,1']] [['204.952454', '108.696132', '217.769063', '116.399953', '1'], ['201.341325', '100.681626', '210.461969', '106.439957', '+'], ['210.221321', '101.956526', '219.341965', '105.239958', '-'], ['210.461321', '86.437720', '219.581965', '100.199960', '0,5']]
171;171;[['74.753731', '72.479925', '89.487002', '82.509835', ',6']]
172;172;[['279.580888', '66.339966', '294.563554', '85.535650', 'U'], ['300.340911', '66.339966', '307.251198', '85.535650', '('], ['313.060929', '66.339966', '336.118823', '85.535650', '10'], ['341.980936', '66.339966', '347.749885', '85.535650', ':'], ['353.500963', '66.339966', '365.038860', '85.535650', '1'], ['370.900973', '66.339966', '377.811261', '85.535650', ')']]
173;173;[['60.113772', '47.159981', '77.967023', '62.469860', 'Ra'], ['70.913738', '65.759934', '83.727013', '72.429849', '1']]
174;174;[['136.060946', '59.259968', '148.740182', '78.455653', 'T'], ['154.540962', '59.259968', '161.451249', '78.455653', '('], ['167.260965', '59.259968', '178.798863', '78.455653', '5'], ['184.660975', '59.259968', '190.429924', '78.455653', ':'], ['196.180973', '59.259968', '207.718870', '78.455653', '1'], ['213.460983', '59.259968', '220.371271', '78.455653', ')']]
175;175;[['625.541050', '16.091529', '633.244872', '28.908139', '5']]
176;176;[['483.941106', '16.211529', '491.644928', '29.028139', '4']]
177;177;[['567.343079', '61.628617', '579.221279', '69.719970', '0°']]
178;178;[['342.101163', '16.211529', '349.804985', '29.028139', '3']]
179;179;[['547.194758', '88.976556', '563.968218', '102.359959', '60'], ['554.994747', '84.246144', '567.808213', '89.039959', '°'], ['556.892821', '74.552714', '569.291674', '81.959967', '`'], ['564.463077', '69.778187', '573.581277', '74.519970', '3']]
180;180;[['200.501220', '16.211529', '208.205042', '29.028139', '2']]
181;181;[['498.832336', '118.536128', '511.648946', '126.239950', '1']]
182;182;[['58.661277', '16.211529', '66.365098', '29.028139', '1']]
183;183;[['986.500605', '865.811189', '1013.524450', '878.627799', '69,5']]
184;184;[['59.741276', '992.034400', '75.497923', '999.307117', 'Raw'], ['77.741273', '992.034400', '91.447009', '999.307117', 'part'], ['93.581266', '992.034400', '105.967008', '999.307117', 'No:']] [['59.741276', '1006.314394', '86.912754', '1013.587111', 'Surface'], ['89.261259', '1006.314394', '115.566992', '1013.587111', 'texture:']]
185;185;[['225.581259', '1064.342753', '251.317626', '1069.826817', 'according'], ['252.941259', '1064.342753', '257.917626', '1069.826817', 'to'], ['259.541258', '1064.342753', '269.701789', '1069.826817', 'DIN'], ['271.421252', '1064.342753', '281.553786', '1069.826817', 'ISO'], ['283.301256', '1064.342753', '299.797623', '1069.826817', '13715']]
186;186;[['59.741276', '1074.354367', '88.846721', '1081.627084', 'Nominal'], ['91.061273', '1074.354367', '123.912456', '1081.627084', 'geometry'], ['126.221249', '1074.354367', '171.072468', '1081.627084', '(theoretically'], ['173.261261', '1074.354367', '194.839435', '1081.627084', 'exact)'], ['197.021256', '1074.354367', '222.992759', '1081.627084', 'defined'], ['225.221264', '1074.354367', '233.592466', '1081.627084', 'by'], ['235.781259', '1074.354367', '252.377844', '1081.627084', 'CAD'], ['254.621188', '1074.354367', '267.006923', '1081.627084', 'file:']] [['140.141244', '1086.719970', '228.783448', '1095.840615', '5152166_Rev04.stp']]
187;187;[['59.741276', '1102.674356', '102.847006', '1109.947073', 'Cleanliness:']]
188;188;[['59.741276', '1113.075261', '76.427393', '1121.480511', 'Part'], ['78.941280', '1113.075261', '93.564654', '1121.480511', 'has'], ['96.221275', '1113.075261', '103.793514', '1121.480511', 'to'], ['106.301278', '1113.075261', '116.393512', '1121.480511', 'be'], ['118.901276', '1113.075261', '161.993554', '1121.480511', 'degreased'], ['164.501318', '1113.075261', '179.753565', '1121.480511', 'and'], ['182.261329', '1113.075261', '197.993572', '1121.480511', 'free'], ['200.501336', '1113.075261', '208.067459', '1121.480511', 'of'], ['210.581331', '1113.075261', '247.067468', '1121.480511', 'deposits,'], ['249.581340', '1113.075261', '294.113384', '1121.480511', 'detachable'], ['59.741276', '1123.395257', '80.484647', '1131.800507', 'burrs'], ['83.021269', '1123.395257', '98.273500', '1131.800507', 'and'], ['100.781264', '1123.395257', '124.038515', '1131.800507', 'visual'], ['126.581245', '1123.395257', '168.593497', '1131.800507', 'detectable'], ['171.101261', '1123.395257', '207.467392', '1131.800507', 'particles.']]
189;189;[['59.741276', '1136.634342', '88.272467', '1143.907059', 'Delivery'], ['90.461267', '1136.634342', '128.406996', '1143.907059', 'conditions:']]
190;190;[['475.060810', '1112.411091', '489.668711', '1125.227701', '2x'], ['493.540803', '1107.706734', '504.640636', '1125.095608', 'n'], ['504.580798', '1112.411091', '527.764568', '1125.227701', '134'], ['531.220788', '1117.799958', '534.504219', '1126.920602', '-'], ['536.380785', '1118.159958', '550.023004', '1127.280602', '0,2'], ['553.900825', '1112.411091', '572.446712', '1125.227701', 'CT']] [['530.020788', '1108.319962', '535.779119', '1117.440606', '+'], ['536.380785', '1108.319962', '541.863032', '1117.440606', '0']]
191;191;[['619.060752', '1103.291094', '636.844571', '1116.107704', 'Ra'], ['640.660740', '1103.291094', '659.884552', '1116.107704', '3,2']]
192;192;[['753.340699', '1094.411098', '768.724494', '1107.227708', '10'], ['772.540663', '1094.411098', '797.904584', '1107.227708', 'MIN']]
193;193;[['753.580699', '1121.051087', '780.604485', '1133.867697', '15,1'], ['782.380687', '1120.068860', '790.944702', '1132.470959', '`'], ['791.020684', '1123.439956', '796.502930', '1132.560600', '2']]
194;194;[['970.900611', '1030.779580', '985.883277', '1049.975265', 'D'], ['971.140612', '1058.019569', '986.123277', '1077.215254', 'D']]
195;195;[['342.101163', '1164.131070', '349.804985', '1176.947680', '3']]
196;196;[['483.941106', '1164.251070', '491.644928', '1177.067680', '4']]
197;197;[['625.541050', '1164.131070', '633.244872', '1176.947680', '5']]
198;198;[['767.381016', '1164.131070', '775.084838', '1176.947680', '6']]
199;199;[['1451.619419', '965.229798', '1453.980015', '971.787009', '-']] [['1451.619419', '977.469793', '1453.980015', '984.027005', '-']] [['1451.619419', '989.709788', '1453.980015', '996.267000', '-']] [['1451.619419', '1001.949783', '1453.980015', '1008.506995', '-']]
200;200;[['1491.579403', '965.829798', '1527.321090', '972.387009', '20.06.2018']] [['1491.579403', '978.189793', '1527.321090', '984.747004', '08.06.2018']] [['1491.579403', '990.429788', '1527.321090', '996.986999', '03.05.2018']] [['1491.579403', '1002.669783', '1527.321090', '1009.226994', '18.04.2018']] [['1500.459400', '1014.947386', '1518.369774', '1021.146955', 'DATE']]
201;201;[['1547.259381', '965.949798', '1556.667662', '972.507009', 'KB']] [['1547.259691', '978.189793', '1556.667972', '984.747004', 'KB']] [['1547.259691', '990.429788', '1556.667972', '996.986999', 'KB']] [['1547.259691', '1002.669783', '1556.667972', '1009.226994', 'KB']]
202;202;[['1576.659369', '965.829798', '1612.401056', '972.387009', '26.06.2018']] [['1576.659669', '978.189793', '1612.401356', '984.747004', '08.06.2018']] [['1576.659669', '990.429788', '1612.401356', '996.986999', '03.05.2018']] [['1576.659669', '1002.669783', '1612.401356', '1009.226994', '18.04.2018']] [['1533.819386', '1014.947386', '1559.298385', '1021.146955', 'DRAWN'], ['1561.179302', '1014.947386', '1570.089735', '1021.146955', 'BY'], ['1575.819370', '1014.947386', '1593.402606', '1021.146955', 'INSP.'], ['1595.259265', '1014.947386', '1613.169640', '1021.146955', 'DATE']]
203;203;[['1630.419348', '965.949798', '1640.734494', '972.507009', 'KG']] [['1630.899994', '978.189793', '1640.271303', '984.747004', 'DF']] [['1630.899994', '990.429788', '1640.271303', '996.986999', 'DF']] [['1630.899994', '1002.669783', '1640.271303', '1009.226994', 'DF']] [['1621.419351', '1014.947386', '1639.002587', '1021.146955', 'INSP.'], ['1640.859247', '1014.947386', '1649.769680', '1021.146955', 'BY']]
204;204;[['1153.179539', '990.429788', '1157.120954', '996.986999', '2']] [['1153.179539', '1002.669783', '1157.120954', '1009.226994', '1']] [['1153.179539', '965.949798', '1157.120954', '972.507009', '4']] [['1153.179539', '978.189793', '1157.120954', '984.747004', '3']]
205;205;[['1167.939533', '989.709788', '1203.164245', '996.267000', 'Tolerances'], ['1205.139757', '989.709788', '1232.481401', '996.267000', 'changed']] [['1167.939533', '965.109798', '1198.041153', '971.667009', 'Redesign']] [['1167.939533', '977.469793', '1203.164245', '984.027005', 'Tolernaces'], ['1205.139757', '977.469793', '1232.481401', '984.027005', 'changed']]
206;206;[['1167.939533', '1001.949783', '1182.990226', '1008.506995', 'Start'], ['1184.979449', '1001.949783', '1211.910348', '1008.506995', 'drawing,'], ['1213.899571', '1001.949783', '1250.241269', '1008.506995', 'anodization'], ['1252.299867', '1001.949783', '1281.990682', '1008.506995', 'removed,'], ['1283.979906', '1001.949783', '1302.990765', '1008.506995', 'layout'], ['1304.979988', '1001.949783', '1326.801563', '1008.506995', 'update']]
207;207;[['1437.819425', '1014.947386', '1467.738370', '1021.146955', 'SECTION']]
208;208;[['1268.259493', '1014.947386', '1314.258403', '1021.146955', 'DESCRIPTION']]
209;209;[['1148.019541', '1079.874365', '1174.925371', '1087.147082', 'Weight:']] [['1158.819536', '1092.359968', '1177.981736', '1101.480613', '2.29'], ['1180.779461', '1092.359968', '1191.181708', '1101.480613', 'kg']]
210;210;[['846.460661', '1086.251101', '861.068533', '1099.067711', '4x']]
211;211;[['846.460661', '1103.386736', '862.552826', '1120.775610', 'j'], ['868.300653', '1106.171093', '898.324488', '1118.987703', 'Ø0,2'], ['903.940638', '1106.171093', '913.182453', '1118.987703', 'B']]
212;212;[['184.421226', '1151.519945', '201.452433', '1160.640589', 'ISO'], ['204.221242', '1151.519945', '226.263476', '1160.640589', '2768'], ['229.061230', '1151.519945', '232.344662', '1160.640589', '-'], ['235.421206', '1151.519945', '250.820238', '1160.640589', 'mH']]
213;213;[['200.501243', '1164.251070', '208.205065', '1177.067680', '2']]
214;214;[['908.981001', '1164.131070', '916.684822', '1176.947680', '7']]
215;215;[['1368.339453', '1026.467381', '1400.538429', '1032.666951', 'REVISION'], ['1402.419346', '1026.467381', '1432.329619', '1032.666951', 'HISTORY']]
216;216;[['141.941243', '1136.879950', '145.224675', '1146.000595', '-']]
217;217;[['59.741276', '1150.914336', '87.886709', '1158.187054', 'General'], ['90.101261', '1150.914336', '126.672439', '1158.187054', 'tolerances'], ['128.861232', '1150.914336', '163.112740', '1158.187054', 'according'], ['165.341245', '1150.914336', '174.126989', '1158.187054', 'to:']]
218;218;[['58.661277', '1164.251070', '66.365098', '1177.067680', '1']]
219;219;[['550.180780', '1077.731105', '567.964598', '1090.547714', 'Ra'], ['571.780767', '1077.731105', '591.004579', '1090.547714', '1,6']]
220;220;[['446.140822', '1083.946743', '457.240655', '1101.335618', 'n'], ['457.300817', '1088.651100', '480.364645', '1101.467710', '132'], ['482.140807', '1086.708873', '490.704822', '1099.110973', '`'], ['490.780804', '1090.079969', '504.543022', '1099.200613', '0,1']]
221;221;[['1148.019541', '1037.512985', '1185.358388', '1045.560482', 'Copyright'], ['1148.019541', '1047.352981', '1163.176744', '1055.400478', 'The'], ['1165.539562', '1047.352981', '1216.318484', '1055.400478', 'reproduction,'], ['1218.819817', '1047.352981', '1260.857230', '1055.400478', 'distribution'], ['1263.340048', '1047.352981', '1277.777345', '1055.400478', 'and'], ['1280.260163', '1047.352981', '1316.537568', '1055.400478', 'utilization'], ['1319.020386', '1047.352981', '1326.239035', '1055.400478', 'of'], ['1328.620368', '1047.352981', '1342.209547', '1055.400478', 'this'], ['1344.579514', '1047.352981', '1382.878347', '1055.400478', 'document'], ['1385.259680', '1047.352981', '1394.529728', '1055.400478', 'as'], ['1397.019694', '1047.352981', '1411.911205', '1055.400478', 'well'], ['1414.419804', '1047.352981', '1423.569852', '1055.400478', 'as'], ['1425.939818', '1047.352981', '1438.097032', '1055.400478', 'the'], ['1440.459850', '1047.352981', '1499.057298', '1055.400478', 'communication'], ['1501.540116', '1047.352981', '1508.758765', '1055.400478', 'of'], ['1511.140098', '1047.352981', '1519.930095', '1055.400478', 'its'], ['1522.300061', '1047.352981', '1555.209467', '1055.400478', 'contents'], ['1557.699433', '1047.352981', '1564.936597', '1055.400478', 'to'], ['1567.419415', '1047.352981', '1591.569518', '1055.400478', 'others'], ['1593.939484', '1047.352981', '1621.558261', '1055.400478', 'without'], ['1148.019541', '1057.072977', '1178.649673', '1065.120474', 'express'], ['1181.019640', '1057.072977', '1230.857120', '1065.120474', 'authorization'], ['1233.339937', '1057.072977', '1239.609968', '1065.120474', 'is'], ['1241.979934', '1057.072977', '1282.678850', '1065.120474', 'prohibited.'], ['1285.060184', '1057.072977', '1323.370267', '1065.120474', 'Offenders'], ['1325.740233', '1057.072977', '1337.871727', '1065.120474', 'will'], ['1340.259431', '1057.072977', '1350.016679', '1065.120474', 'be'], ['1352.379497', '1057.072977', '1368.856826', '1065.120474', 'held'], ['1371.219644', '1057.072977', '1391.537037', '1065.120474', 'liable'], ['1394.019855', '1057.072977', '1404.236969', '1065.120474', 'for'], ['1406.619826', '1057.072977', '1418.777040', '1065.120474', 'the'], ['1421.139858', '1057.072977', '1454.518641', '1065.120474', 'payment'], ['1456.899975', '1057.072977', '1464.238623', '1065.120474', 'of'], ['1466.619957', '1057.072977', '1504.798790', '1065.120474', 'damages.'], ['1507.300123', '1057.072977', '1516.911562', '1065.120474', 'All'], ['1519.420160', '1057.072977', '1540.689403', '1065.120474', 'rights'], ['1543.059369', '1057.072977', '1577.056691', '1065.120474', 'reserved'], ['1579.419509', '1057.072977', '1586.176739', '1065.120474', 'in'], ['1588.659557', '1057.072977', '1600.696771', '1065.120474', 'the'], ['1603.179588', '1057.072977', '1624.438334', '1065.120474', 'event'], ['1148.019541', '1066.912973', '1155.358189', '1074.960470', 'of'], ['1157.739523', '1066.912973', '1169.896737', '1074.960470', 'the'], ['1172.379555', '1066.912973', '1192.198292', '1074.960470', 'grant'], ['1194.579625', '1066.912973', '1201.798274', '1074.960470', 'of'], ['1204.179607', '1066.912973', '1209.016806', '1074.960470', 'a'], ['1211.499623', '1066.912973', '1238.158353', '1074.960470', 'patent,'], ['1240.539687', '1066.912973', '1260.369763', '1074.960470', 'utility'], ['1262.859729', '1066.912973', '1286.631265', '1074.960470', 'model'], ['1289.019864', '1066.912973', '1296.717013', '1074.960470', 'or'], ['1299.099869', '1066.912973', '1327.198697', '1074.960470', 'design.'], ['1329.699468', '1066.912973', '1347.508028', '1074.960470', '(ISO'], ['1349.979362', '1066.912973', '1377.116709', '1074.960470', '16016)']]
222;222;[['1065.351837', '1093.199563', '1078.166600', '1100.809285', '1'], ['1067.031835', '1104.599555', '1084.046596', '1138.129275', '(circu'], ['1072.311832', '1138.079552', '1087.526593', '1157.877165', 'lar)']]
223;223;[['44.741282', '1086.251101', '54.745166', '1099.067711', 'H']]
224;224;[['1657.180637', '944.531158', '1667.960445', '957.347768', 'G']]
225;225;[['1147.299541', '1014.947386', '1163.082836', '1021.146955', 'REV.']]
226;226;[['842.140651', '1060.572975', '856.720910', '1074.107185', '4x'], ['860.500656', '1058.052974', '885.813743', '1072.427185', 'R50']]
227;227;[['671.752621', '1116.151905', '684.568775', '1130.879548', '4x'], ['671.752621', '1078.535992', '684.568775', '1112.399549', 'M6x1']]
228;228;[['59.741276', '1064.342753', '85.477636', '1069.826817', 'according'], ['87.101269', '1064.342753', '92.077636', '1069.826817', 'to'], ['93.701268', '1064.342753', '103.981799', '1069.826817', 'DIN'], ['105.581262', '1064.342753', '115.833804', '1069.826817', 'ISO'], ['117.461260', '1064.342753', '130.717626', '1069.826817', '1302']]
229;229;[['976.900609', '938.619617', '991.883275', '957.815302', 'R']]
230;230;[['782.860736', '1024.933843', '797.359412', '1039.066935', '4x'], ['801.100680', '1018.310953', '812.025136', '1035.694863', 'n'], ['812.020675', '1019.653858', '827.163044', '1033.786950', '14'], ['827.260671', '1018.333860', '834.843042', '1031.146953', '3']]
231;231;[['715.180714', '1020.699584', '752.123423', '1039.895269', 'D-D']]
232;232;[['517.432683', '1043.376041', '530.248836', '1062.719575', '3,5']]
233;233;[['234.101206', '1015.805621', '254.494157', '1026.774175', '-0,2'], ['234.101206', '1027.205617', '261.094149', '1038.174170', '-0,05'], ['270.941192', '1027.205617', '294.334146', '1038.174170', '+0,2']]
234;234;[['89.021264', '1026.011125', '106.805083', '1038.827735', 'Ra'], ['110.621259', '1026.011125', '137.645082', '1038.827735', '12,5']]
235;235;[['573.940770', '1004.651134', '591.604589', '1017.467744', 'Ra'], ['595.420758', '1004.651134', '614.764570', '1017.467744', '3,2']]
236;236;[['354.232748', '1109.136017', '367.048902', '1116.839553', '2'], ['354.232748', '1051.385739', '367.048902', '1105.319555', '(circular)']]
237;237;[['204.221218', '1006.314394', '222.752723', '1013.587111', 'Edge'], ['224.981228', '1006.314394', '245.646978', '1013.587111', 'finish:']]
238;238;[['326.152759', '1041.336044', '338.968913', '1049.039580', '4'], ['323.261276', '1033.321253', '332.381920', '1039.079584', '+'], ['331.421273', '1034.476153', '340.541917', '1037.759585', '-'], ['322.541276', '1013.437387', '331.661920', '1032.719587', '0,25'], ['332.381272', '1027.237340', '341.501917', '1032.719587', '0']]
239;239;[['1103.979558', '933.613957', '1125.002737', '951.706963', 'B.C'], ['1124.979542', '929.533956', '1128.500049', '942.346958', '.'], ['1133.739547', '920.990986', '1143.884352', '938.374903', 'n'], ['1143.939542', '921.133967', '1150.980556', '933.946970', '1'], ['1150.899535', '914.893963', '1165.020547', '930.826969', '55']]
240;240;[['857.740653', '919.813756', '872.323458', '933.347029', '4x'], ['876.100650', '921.493757', '886.068310', '934.307030', 'R'], ['886.180638', '922.213757', '901.536558', '935.747030', '50']] [['857.740644', '890.774196', '871.643775', '905.986921', '4x'], ['875.380650', '896.534190', '884.886689', '909.346918', 'R'], ['884.860651', '899.654186', '892.181091', '912.466914', '6']]
241;241;[['825.232206', '969.095757', '838.048815', '995.999602', '69,5']]
242;242;[['593.860762', '960.733091', '605.991855', '978.347204', '20'], ['605.980761', '970.333090', '610.305287', '983.147201', '°']]
243;243;[['59.741276', '977.994406', '117.406703', '985.267123', 'Surface/material'], ['119.621255', '977.994406', '155.167011', '985.267123', 'treatment:']]
244;244;[['804.472640', '919.603130', '823.168699', '938.999624', '45°']]
245;245;[['414.580834', '932.019619', '430.725590', '951.215304', 'Q'], ['436.540857', '932.019619', '443.451145', '951.215304', '('], ['449.260875', '932.019619', '460.798773', '951.215304', '2'], ['466.660886', '932.019619', '472.429834', '951.215304', ':'], ['478.180912', '932.019619', '489.718810', '951.215304', '1'], ['495.460893', '932.019619', '502.371181', '951.215304', ')']]
246;246;[['678.112619', '987.456063', '690.928772', '1006.799597', '1,6'], ['678.112618', '958.536028', '690.928772', '983.999581', 'H13'], ['673.975100', '948.371216', '692.276218', '954.959618', '('], ['675.341135', '943.801289', '684.461779', '949.559620', '+'], ['683.501132', '945.076189', '692.621776', '948.359621', '-'], ['674.621135', '924.157423', '683.741780', '943.319623', '0,14'], ['684.461131', '937.837376', '693.581776', '943.319623', '0'], ['673.975100', '917.411228', '692.276218', '923.999630', ')']]
247;247;[['362.740855', '935.051162', '380.524673', '947.867771', 'Ra'], ['384.340842', '935.051162', '403.564654', '947.867771', '1,6']]
248;248;[['59.741276', '943.074420', '68.446729', '950.347137', 'All'], ['70.661281', '943.074420', '110.832464', '950.347137', 'dimensions'], ['113.021265', '943.074420', '131.832462', '950.347137', 'apply'], ['134.141255', '943.074420', '140.672742', '950.347137', 'to'], ['142.901247', '943.074420', '153.872738', '950.347137', 'the'], ['156.101243', '943.074420', '183.392743', '950.347137', 'finished'], ['185.621248', '943.074420', '199.207006', '950.347137', 'part'], ['201.461248', '943.074420', '232.712760', '950.347137', 'including'], ['234.941201', '943.074420', '291.286592', '950.347137', 'surface/material'], ['59.741276', '952.074416', '95.407010', '959.347133', 'treatment.'], ['59.741276', '963.714411', '90.127017', '970.987128', 'Material:'], ['92.261263', '963.637713', '121.408454', '972.400605', '3.2315'], ['173.141231', '963.834411', '197.712428', '971.107128', 'Quality'], ['199.901221', '963.834411', '232.926980', '971.107128', 'standard:'], ['245.741202', '963.720020', '259.460220', '972.840664', 'EN'], ['262.181187', '963.720020', '287.463449', '972.840664', '755-2']]
249;249;[['490.552694', '959.136077', '503.368847', '966.839613', '1']]
250;250;[['44.381282', '944.531158', '55.161090', '957.347768', 'G']]
251;251;[['570.952661', '912.936093', '583.768815', '932.159627', '3,5']]
252;252;[['1050.700422', '1164.131070', '1058.404244', '1176.947680', '8']]
253;253;[['1204.779518', '1079.994365', '1226.765291', '1087.267082', 'Scale:']] [['1222.059511', '1093.319968', '1227.541758', '1102.440612', '1'], ['1230.339483', '1093.319968', '1233.080606', '1102.440612', ':'], ['1235.859464', '1093.319968', '1241.341711', '1102.440612', '2']]
254;254;[['1261.419495', '1079.874365', '1277.765169', '1087.147082', 'Unit:']] [['1278.699489', '1092.479968', '1295.192954', '1101.600612', 'mm']]
255;255;[['1318.179473', '1079.874365', '1355.645224', '1087.147082', 'Projection:'], ['1318.179473', '1091.394360', '1331.736343', '1098.667077', 'ISO'], ['1334.019355', '1091.394360', '1347.150942', '1098.667077', '128'], ['1318.179473', '1100.274357', '1344.511074', '1107.547074', 'Method'], ['1346.739594', '1100.274357', '1351.111087', '1107.547074', '1']]
256;256;[['1417.299433', '1079.879973', '1462.520445', '1089.000618', 'Document'], ['1465.179303', '1079.879973', '1486.640378', '1089.000618', 'type:']]
257;257;[['1417.299433', '1108.319962', '1469.600455', '1117.440606', 'Description:']]
258;258;[['1181.619527', '1123.451086', '1201.583466', '1136.267696', 'KB']]
259;259;[['1188.459525', '1153.696277', '1210.631728', '1159.240170', 'Drawing'], ['1212.219377', '1153.696277', '1235.989792', '1159.240170', 'Approval'], ['1237.659238', '1153.696277', '1255.031485', '1159.240170', 'Stamp']] [['1165.299534', '1139.752944', '1202.536808', '1147.800441', 'Prototype'], ['1204.899626', '1139.752944', '1233.496992', '1147.800441', 'release'], ['1236.699505', '1139.752944', '1247.416710', '1147.800441', 'B2'], ['1248.099641', '1139.752944', '1280.536955', '1147.800441', '-Sample']]
260;260;[['1192.420397', '1164.131070', '1200.124219', '1176.947680', '9']]
261;261;[['1491.099404', '1116.371089', '1528.833537', '1129.187699', 'Lower'], ['1532.619471', '1116.371089', '1583.523502', '1129.187699', 'Housing'], ['1587.339670', '1116.371089', '1630.083507', '1129.187699', 'AC+90']]
262;262;[['1221.459511', '1124.165578', '1280.972670', '1135.134131', '21.06.2018']]
263;263;[['1417.299433', '1136.632945', '1433.398078', '1144.680442', 'Part'], ['1435.779412', '1136.632945', '1469.158167', '1144.680442', 'Number:']]
264;264;[['1615.779354', '1136.632945', '1638.598109', '1144.680442', 'Page:']] [['1622.499425', '1147.325569', '1629.092414', '1158.294122', '1'], ['1632.579347', '1147.325569', '1635.875842', '1158.294122', '/'], ['1639.299430', '1147.325569', '1645.892419', '1158.294122', '1']] [['1612.900791', '1164.251070', '1629.964553', '1177.067680', 'A2']]
265;265;[['1498.059401', '1145.771077', '1552.083419', '1158.587687', '5152166']]
266;266;[['1323.219471', '1153.312939', '1356.742367', '1161.360435', 'ENGINE'], ['1359.099442', '1153.312939', '1389.616813', '1161.360435', 'Division']] [['1330.300378', '1164.131070', '1345.684232', '1176.947680', '10']]
267;267;[['1657.540637', '1086.251101', '1667.544521', '1099.067711', 'H']]
268;268;[['1491.099404', '1087.091101', '1562.751529', '1099.907711', 'Component'], ['1566.579533', '1087.091101', '1615.083514', '1099.907711', 'drawing']]
269;269;[['1472.020711', '1164.251070', '1487.404566', '1177.067680', '11']]
