,X1,Y1,X2,Y2,Text,X,Y,d,cluster
0,187.180925,815.746851,198.28075800000002,833.135725,n,192.7308415,824.441288,False,0
1,198.340921,820.4512070000001,213.724746,833.267817,35,206.0328335,826.859512,False,0
2,217.30091299999998,816.8400780000001,223.059244,825.960723,+,220.1800785,821.4004004999998,False,0
3,224.86091000000002,816.360079,238.503158,825.480723,0.2,231.682034,820.9204010000002,False,0
4,217.30091299999998,826.320075,223.059244,835.4407190000001,+,220.1800785,830.8803969999999,False,0
5,224.86091000000002,826.080075,244.143154,835.200719,0.01,234.502032,830.640397,False,0
6,248.02090099999998,815.746851,274.240367,833.135725,É,261.130634,824.441288,False,0
7,278.020877,820.4512070000001,287.262692,833.267817,K,282.6417845,826.859512,False,0
8,287.26088500000003,815.746851,318.47268199999996,833.135725,#,302.8667835,824.441288,False,0
9,318.580873,820.4512070000001,326.284694,833.267817,L,322.43278349999997,826.859512,False,0
10,1111.191445,494.016255,1124.007599,521.039792,86.3,1117.599522,507.5280235,False,1
11,857.632547,546.096232,870.4487,569.279772,110,864.0406234999999,557.688002,False,2
12,832.0725570000001,519.3059599999999,844.888711,570.8397719999999,(209.74),838.480634,545.072866,False,3
13,977.620609,769.211228,1000.8040269999999,782.027838,110,989.212318,775.619533,False,4
14,591.940763,812.6196669999999,605.78209,831.815352,S,598.8614265,822.2175095,False,5
15,611.500765,812.6196669999999,618.411053,831.815352,(,614.955909,822.2175095,False,5
16,624.220783,812.6196669999999,635.7586809999999,831.815352,2,629.989732,822.2175095,False,5
17,641.620794,812.6196669999999,647.389743,831.815352,:,644.5052684999999,822.2175095,False,5
18,653.140762,812.6196669999999,664.678659,831.815352,1,658.9097105000002,822.2175095,False,5
19,670.4207719999999,812.6196669999999,677.33106,831.815352,),673.875916,822.2175095,False,5
20,967.3001130000001,799.331216,981.9079839999999,812.147826,2x,974.6040485,805.739521,False,6
21,985.780606,799.331216,1008.8444929999999,812.147826,140,997.3125494999999,805.739521,False,6
22,1010.6195960000001,797.5089889999999,1019.1836109999999,809.911088,`,1014.9016035,803.7100385,False,6
23,1019.259592,800.880085,1032.901811,810.000729,0.5,1026.0807015,805.440407,False,6
24,769.540692,816.46685,785.6328570000001,833.855725,j,777.5867745,825.1612875000002,False,7
25,791.260683,819.251208,821.4045179999999,832.067818,Ø0.2,806.3326005,825.6595130000002,False,7
26,827.020669,819.251208,836.262484,832.067818,A,831.6415764999998,825.6595130000002,False,7
27,841.9006630000001,819.251208,851.142478,832.067818,B,846.5215705,825.6595130000002,False,7
28,655.420738,835.066843,666.520571,852.4557169999999,n,660.9706545,843.7612799999998,False,5
29,666.460733,839.7712,681.844529,852.58781,37,674.1526309999998,846.1795050000002,False,5
30,685.540726,839.7712,710.884518,852.58781,H12,698.212622,846.1795050000002,False,5
31,714.4607139999999,835.634036,721.049117,853.9351529999999,(,717.7549155,844.7845945,False,5
32,745.300702,835.634036,751.889104,853.9351529999999,),748.5949029999998,844.7845945,False,5
33,719.740712,836.88007,725.4990429999999,846.000715,+,722.6198775,841.4403925,False,5
34,726.1007099999999,836.280071,745.382909,845.400715,0.25,735.7418094999999,840.840393,False,5
35,720.940712,845.160067,731.582956,855.1207109999999,-0,726.2618339999998,850.140389,False,5
36,1563.832702,193.366806,1581.806998,213.119915,50°,1572.81985,203.2433605,False,8
37,1418.610908,301.041533,1435.9946810000001,310.919876,n,1427.3027945000001,305.9807045,False,9
38,1428.3535470000002,294.223619,1441.1668300000001,301.07988,4,1434.7601885,297.6517495,False,9
39,1451.610894,299.616547,1468.994668,310.31987599999997,n,1460.302781,304.96821150000005,False,9
40,1459.313896,284.771268,1474.166716,299.63988,60,1466.740306,292.205574,False,9
41,1532.270923,381.936016,1545.087533,397.319841,13,1538.679228,389.6279285,False,10
42,1532.270923,352.755985,1545.087533,378.119847,MIN,1538.679228,365.43791600000003,False,10
43,1657.5406369999998,377.651385,1667.544521,390.467994,C,1662.542579,384.0596895,False,11
44,1513.659395,496.451337,1528.267324,509.267947,4x,1520.9633595,502.859642,False,12
45,1532.139392,496.451337,1577.643206,509.267947,M5x0.8,1554.8912990000001,502.859642,False,13
46,1295.6204619999999,614.979746,1310.6031269999999,634.175431,U,1303.1117945,624.5775884999999,False,14
47,1315.059474,613.7797469999999,1328.900801,632.9754320000001,Y,1321.9801375,623.3775895,False,14
48,1324.05947,639.939736,1336.738707,659.135421,T,1330.3990884999996,649.5375785,False,15
49,1260.580303,614.619746,1273.2595390000001,633.815431,Z,1266.9199210000002,624.2175884999998,False,14
50,1275.09949,763.93123,1290.6033439999999,776.74784,80,1282.851417,770.3395350000002,False,16
51,1292.379483,761.989003,1300.943498,774.391103,`,1296.6614905,768.190053,False,16
52,1300.89948,765.360099,1314.6616980000001,774.480743,0.3,1307.780589,769.920421,False,16
53,1409.379436,651.586916,1430.463932,668.975791,b,1419.921684,660.2813535,False,17
54,1436.139426,653.8912740000001,1455.483238,666.707884,0.1,1445.811332,660.299579,False,17
55,1461.219416,653.8912740000001,1485.023195,666.707884,B-C,1473.1213054999996,660.299579,False,17
56,1411.899435,668.866909,1427.9916,686.255784,i,1419.9455175,677.5613464999999,False,17
57,1436.139426,673.811266,1455.483238,686.627876,0.1,1445.811332,680.2195710000002,False,17
58,1461.219416,673.811266,1485.023195,686.627876,B-C,1473.1213054999996,680.2195710000002,False,17
59,1657.900637,661.091271,1667.142452,673.907881,E,1662.5215445000001,667.4995759999998,False,18
60,1380.099448,768.70687,1396.1916130000002,786.0957440000001,i,1388.1455305,777.401307,False,19
61,1401.939439,773.531226,1421.163251,786.347836,0.2,1411.551345,779.939531,False,19
62,1426.779429,773.531226,1450.703209,786.347836,B-C,1438.741319,779.939531,False,19
63,1658.2606369999999,802.811214,1666.726527,815.627824,F,1662.493582,809.219519,False,20
64,978.460609,826.811205,993.1880699999999,839.627815,4x,985.8243395,833.21951,False,21
65,998.8606,826.811205,1019.882984,839.627815,90°,1009.371792,833.21951,False,21
66,769.540692,839.0512,814.924506,851.86781,M5x0.8,792.2325989999998,845.459505,False,7
67,818.740675,839.0512,823.354655,851.86781,-,821.047665,845.459505,False,7
68,827.2607059999999,839.0512,855.7244890000001,851.86781,Thru,841.4925975,845.459505,False,7
69,1657.5406369999998,519.3713280000001,1667.544521,532.187938,D,1662.542579,525.779633,False,22
70,1383.099447,729.1068849999999,1398.737763,746.49576,f,1390.918605,737.8013225,False,19
71,1407.3394369999999,731.411243,1426.563249,744.227853,0.1,1416.9513430000004,737.8195479999998,False,19
72,1432.179427,731.411243,1441.421242,744.227853,E,1436.8003345,737.8195479999998,False,19
73,1380.099448,746.386878,1401.637792,763.775753,c,1390.86862,755.0813155000002,False,19
74,1407.3394369999999,751.211235,1426.563249,764.0278450000001,0.1,1416.9513430000004,757.6195399999998,False,19
75,1185.099526,733.451242,1212.1233710000001,746.267852,12.5,1198.6114484999996,739.859547,False,23
76,1213.899514,732.469015,1222.4635289999999,744.8711139999999,`,1218.1815215,738.6700645000002,False,23
77,1222.4195109999998,735.840111,1227.901758,744.960755,2,1225.1606345,740.400433,False,23
78,986.8606050000001,735.5868830000001,997.9604380000001,752.975757,n,992.4105215,744.28132,False,24
79,997.9006009999999,740.291239,1013.4044550000001,753.107849,51,1005.652528,746.6995440000002,False,24
80,769.540692,799.331216,784.148564,812.147826,4x,776.8446280000002,805.739521,False,7
81,578.860768,857.411193,586.5645900000001,870.2278029999999,2,582.712679,863.8194980000002,False,25
82,1592.619358,266.534156,1598.21495,279.34724900000003,5,1595.417154,272.9407025,False,26
83,1186.059526,705.611253,1212.96337,718.427863,12.5,1199.511448,712.019558,False,27
84,1214.859514,704.629026,1223.423529,717.031126,`,1219.1415215,710.830076,False,27
85,1223.3795109999999,708.0001219999999,1228.8617570000001,717.120766,2,1226.120634,712.5604440000001,False,27
86,947.860621,708.219709,961.701948,727.415394,A,954.7812845,717.8175514999999,False,28
87,775.66069,748.811236,784.902505,761.627846,E,780.2815975000002,755.2195409999998,False,29
88,475.42080999999996,787.186862,491.51297400000004,804.575736,r,483.466892,795.881299,False,30
89,499.7808,789.73122,537.484609,802.54783,Ø0.05,518.6327045,796.139525,False,30
90,543.100783,789.73122,567.02468,802.54783,B-C,555.0627314999998,796.139525,False,31
91,472.90081100000003,807.346854,493.98530700000003,824.735728,g,483.443059,816.041291,False,30
92,505.06079800000003,809.651212,532.084584,822.467822,0.03,518.572691,816.0595169999998,False,30
93,472.90081100000003,829.451204,479.828708,842.267814,J,476.3647595,835.859509,False,30
94,479.860808,824.746847,511.07260499999995,842.1357210000001,#,495.46670650000004,833.441284,False,30
95,511.060796,829.451204,520.30261,842.267814,K,515.681703,835.859509,False,30
96,1657.900637,235.931441,1667.142452,248.74805099999998,B,1662.5215445000001,242.339746,False,32
97,1392.939443,468.25134800000006,1402.181258,481.06795800000003,A,1397.5603505000001,474.65965300000005,False,33
98,1296.339481,507.69978899999995,1310.180808,526.895474,X,1303.2601445,517.2976315000002,False,34
99,1210.311051,781.5358620000001,1223.127661,799.31968,Ra,1216.719356,790.4277709999999,False,35
100,1210.311051,758.4958809999999,1223.127661,777.719693,1.6,1216.719356,768.107787,False,35
101,472.90081100000003,759.9468730000001,493.98530700000003,777.335747,g,483.443059,768.64131,False,36
102,505.06079800000003,762.371231,532.084584,775.187841,0.03,518.572691,768.779536,False,36
103,179.020928,781.066865,190.120762,798.455739,n,184.570845,789.761302,False,0
104,190.180924,785.771221,205.564749,798.5878309999999,35,197.8728365,792.179526,False,0
105,209.140916,785.771221,226.80473500000002,798.5878309999999,H8,217.9728255,792.179526,False,0
106,230.380908,781.754057,236.96931,800.055175,(,233.675109,790.904616,False,0
107,235.78090600000002,783.000092,241.539237,792.1207360000001,+,238.6600715,787.5604139999999,False,0
108,236.98090499999998,791.280089,240.264337,800.4007330000001,-,238.622621,795.8404109999999,False,0
109,242.02090299999998,782.520092,266.823171,791.6407360000001,0.039,254.42203700000002,787.080414,False,0
110,266.740893,781.754057,273.329296,800.055175,),270.03509449999996,790.904616,False,0
111,277.18088900000004,781.066865,303.400355,798.455739,É,290.29062200000004,789.761302,False,0
112,307.30086600000004,785.771221,314.228763,798.5878309999999,J,310.7648145,792.179526,False,0
113,314.260874,781.066865,345.47267200000005,798.455739,#,329.866773,789.761302,False,0
114,345.460862,785.771221,354.702677,798.5878309999999,K,350.0817695,792.179526,False,0
115,242.02090299999998,792.240088,247.50315,801.360733,0,244.76202650000002,796.8004105,False,0
116,771.100692,705.946895,792.639036,723.335769,c,781.869864,714.641332,False,37
117,798.3406809999999,710.771251,817.564493,723.5878610000001,0.1,807.952587,717.1795559999999,False,37
118,729.820708,717.851248,745.204504,730.667858,15,737.512606,724.2595530000001,False,38
119,475.42080999999996,739.786881,491.51297400000004,757.175755,r,483.466892,748.481318,False,36
120,499.7808,742.451239,537.484609,755.2678480000001,Ø0.05,518.6327045,748.8595435,False,36
121,543.100783,742.451239,553.1046660000001,755.2678480000001,C,548.1027245,748.8595435,False,36
122,1620.6993519999999,247.68057799999997,1627.017441,260.400871,0.,1623.8583965,254.0407245,False,39
123,1627.0593470000001,252.96057599999997,1631.29553,262.080869,1,1629.1774385,257.52072250000003,False,39
124,1437.711315,417.81628900000004,1450.527468,433.19982699999997,17,1444.1193915,425.508058,False,40
125,1435.6487339999999,407.475819,1448.050833,416.039834,`,1441.8497835,411.7578265,False,40
126,1439.0198300000002,401.91759,1448.140474,407.399837,2,1443.580152,404.6587135,False,40
127,1268.859492,438.819817,1282.700819,458.015501,V,1275.7801554999999,448.417659,False,41
128,1270.659492,468.57980499999996,1290.249016,487.77549000000005,W,1280.454254,478.1776475,False,42
129,1178.379535,455.292437,1185.925189,468.107659,5,1182.1523619999998,461.700048,False,43
130,1142.859506,461.052432,1157.205159,475.42765,8x,1150.0323325,468.240041,False,43
131,1160.979536,458.892429,1170.7780289999998,471.707651,R,1165.8787825,465.30004,False,43
132,1170.819542,456.852432,1178.3651960000002,469.667654,1,1174.592369,463.260043,False,43
133,1111.191445,613.776202,1124.007599,648.479741,88.24,1117.599522,631.1279715000002,False,44
134,729.700705,700.179712,743.542031,719.375397,B,736.621368,709.7775545,False,38
135,637.660745,717.851248,653.044541,730.667858,15,645.352643,724.2595530000001,False,45
136,698.99261,756.576159,711.808764,774.23969,Ra,705.4006870000002,765.4079245,False,46
137,698.99261,733.416162,711.808764,752.639696,3.2,705.4006870000002,743.027929,False,46
138,223.540911,733.906883,234.64074399999998,751.295758,n,229.0908275,742.6013204999998,False,47
139,234.580906,738.6112400000001,249.964731,751.42785,21,242.2728185,745.019545,False,47
140,253.54089900000002,738.6112400000001,271.32471699999996,751.42785,H7,262.432808,745.019545,False,47
141,274.78089,734.474076,281.369292,752.775194,(,278.07509100000004,743.624635,False,47
142,280.180888,735.840111,285.939219,744.960755,+,283.06005350000004,740.400433,False,47
143,281.38088700000003,744.000108,284.664319,753.1207519999999,-,283.022603,748.56043,False,47
144,286.540885,735.1201110000001,311.223154,744.240755,0.021,298.88201949999996,739.680433,False,47
145,311.260875,734.474076,317.84927799999997,752.775194,),314.5550765000001,743.624635,False,47
146,321.700871,733.906883,347.920337,751.295758,É,334.810604,742.6013204999998,False,47
147,286.540885,744.960107,292.023132,754.080751,0,289.2820085,749.5204289999998,False,47
148,1613.9793539999998,238.90922200000003,1620.597104,251.31131000000002,`,1617.288229,245.11026600000002,False,39
149,1409.393554,317.85659300000003,1428.086833,338.399865,B.C,1418.7401935,328.128229,False,9
150,1419.833548,314.33173700000003,1432.6468300000001,317.759867,.,1426.240189,316.045802,False,9
151,1130.379548,379.931384,1148.8833339999999,392.747994,Ø9,1139.631441,386.339689,False,48
152,1152.6995029999998,379.931384,1157.313482,392.747994,-,1155.0064925,386.339689,False,48
153,1161.219417,379.931384,1189.683258,392.747994,Thru,1175.4513375,386.339689,False,48
154,804.7125679999999,433.17627999999996,817.528721,460.199816,11.7,811.1206445,446.68804800000004,False,49
155,779.140694,581.53152,786.388708,594.347849,5,782.7647010000002,587.9396845,False,50
156,752.380677,588.491524,766.218676,603.947852,4x,759.2996764999999,596.219688,False,50
157,769.780692,584.89152,779.192682,597.707849,R,774.4866870000002,591.2996845,False,50
158,484.90080599999993,707.411253,499.508677,720.227863,2x,492.2047415,713.8195579999998,False,51
159,503.380799,707.411253,518.764594,720.227863,15,511.0726965,713.8195579999998,False,51
160,1585.179366,259.574162,1592.445584,272.387255,R,1588.8124750000004,265.9807085,False,26
161,1599.9393599999999,229.571512,1611.892307,247.188037,37,1605.9158335000004,238.37977450000002,False,39
162,1628.979348,194.293396,1642.179151,213.707502,R5,1635.5792494999998,204.000449,False,52
163,734.8607059999999,864.3711900000001,752.644525,877.1878,Ra,743.7526155,870.7794949999999,False,5
164,756.460693,864.3711900000001,775.684505,877.1878,3.2,766.072599,870.7794949999999,False,5
165,1367.631343,852.2161,1380.447496,869.999652,Ra,1374.0394195000001,861.107876,False,53
166,1367.631343,829.176104,1380.447496,848.3996380000001,1.6,1374.0394195000001,838.787871,False,53
167,45.581282,802.811214,54.047171999999996,815.627824,F,49.814227,809.219519,False,54
168,753.8207179999999,501.133133,766.616428,517.6674320000001,8x,760.2185730000001,509.4002825,False,55
169,770.0206919999999,510.013125,785.536881,527.627424,R5,777.7787865,518.8202745,False,55
170,750.820743,524.173374,763.096612,541.1873860000001,4x,756.9586775,532.68038,False,55
171,766.300693,534.253336,781.1457230000001,552.587362,R5,773.723208,543.420349,False,55
172,806.512567,586.832117,819.328721,601.319759,2x,812.920644,594.075938,False,50
173,806.512567,559.896227,819.328721,582.9597669999999,140,812.920644,571.427997,False,50
174,804.6899860000001,549.555762,817.092086,558.119777,`,810.891036,553.8377694999998,False,50
175,808.061082,535.717562,817.181726,549.47978,0.5,812.621404,542.598671,False,50
176,502.672689,417.81628900000004,515.488842,433.19982699999997,16,509.08076550000004,425.508058,False,56
177,180.820928,729.491244,197.828822,742.307854,Rz,189.324875,735.899549,False,47
178,201.700918,729.491244,220.92474500000003,742.307854,6.3,211.3128315,735.899549,False,47
179,434.980826,679.2112639999999,444.222641,692.027874,K,439.6017335,685.6195690000001,False,57
180,438.100825,694.931258,445.804646,707.7478679999999,L,441.9527355,701.339563,False,57
181,337.540432,705.21971,351.381759,724.415395,S,344.4610955,714.8175524999998,False,58
182,261.820895,707.411253,276.428796,720.227863,2x,269.1248455,713.8195579999998,False,59
183,280.300888,707.411253,295.684713,720.227863,15,287.9928005,713.8195579999998,False,59
184,87.701265,799.691216,97.705149,812.507826,C,92.70320699999999,806.0995210000002,False,60
185,404.740838,536.171321,420.124663,548.987931,27,412.4327505,542.579626,False,61
186,1571.859407,246.97419700000003,1582.53141,265.06728799999996,2x,1577.1954085,256.0207425,False,26
187,1419.579432,354.219851,1456.522082,373.41553500000003,C-C,1438.050757,363.817693,False,10
188,1462.299468,354.219851,1469.209756,373.41553500000003,(,1465.754612,363.817693,False,10
189,1475.019486,354.219851,1486.557384,373.41553500000003,1,1480.788435,363.817693,False,10
190,1492.299497,354.219851,1498.0684449999999,373.41553500000003,:,1495.1839710000002,363.817693,False,10
191,1503.819582,354.219851,1515.357479,373.41553500000003,1,1509.5885305000004,363.817693,False,10
192,1521.219592,354.219851,1528.1298800000002,373.41553500000003,),1524.674736,363.817693,False,10
193,1276.17949,367.059845,1310.780751,386.25552999999996,A-A,1293.4801205,376.6576875,False,62
194,437.500825,652.331275,444.428722,665.147885,J,440.96477350000004,658.7395799999998,False,63
195,162.82093500000002,662.531271,180.484753,675.34788,Ra,171.65284400000004,668.9395754999999,False,64
196,184.420937,662.531271,203.64476399999998,675.34788,1.6,194.0328505,668.9395754999999,False,64
197,138.58094499999999,776.771225,155.58883899999998,789.5878349999999,Rz,147.08489200000002,783.17953,False,0
198,159.460935,776.771225,178.684762,789.5878349999999,6.3,169.07284850000005,783.17953,False,0
199,1130.379548,357.347034,1146.4717130000001,374.735908,j,1138.4256305,366.041471,False,48
200,1152.2195390000002,360.011392,1182.243316,372.828001,Ø0.1,1167.2314275,366.4196965,False,48
201,1187.859525,360.011392,1197.10134,372.828001,A,1192.4804325,366.4196965,False,48
202,1202.8595189999999,360.011392,1226.663298,372.828001,B-C,1214.7614085,366.4196965,False,48
203,947.860621,369.099845,961.701948,388.295529,A,954.7812845,378.69768700000003,False,65
204,726.940709,370.77984399999997,740.7820360000001,389.975529,B,733.8613725,380.37768650000004,False,66
205,671.992621,761.616136,684.808775,779.399688,Ra,678.4006979999998,770.507912,False,46
206,671.992621,738.57614,684.808774,757.799674,3.2,678.4006975,748.187907,False,46
207,77.021169,671.506908,98.105665,688.895783,b,87.563417,680.2013455,False,64
208,104.020958,673.811266,130.924781,686.627876,0.05,117.4728695,680.2195710000002,False,64
209,136.660945,673.811266,146.664829,686.627876,C,141.662887,680.2195710000002,False,64
210,76.781269,688.906901,98.319614,706.2957759999999,c,87.5504415,697.6013385,False,64
211,104.020958,693.731258,130.924781,706.547868,0.05,117.4728695,700.139563,False,64
212,355.420858,536.171321,370.804683,548.987931,27,363.1127705,542.579626,False,67
213,236.152441,607.775983,248.96905099999998,642.479743,24.74,242.560746,625.1278629999998,False,68
214,234.221311,599.6414269999999,243.341956,605.399758,+,238.7816335,602.5205925,False,69
215,242.501308,600.916326,251.621952,604.199758,-,247.06163,602.558042,False,69
216,233.62131200000002,585.517542,242.74195600000002,599.15976,0.1,238.181634,592.338651,False,69
217,243.461308,593.677514,252.581952,599.15976,0,248.02163,596.418637,False,69
218,158.632472,521.9759889999999,171.449082,537.359785,55,165.040777,529.6678870000002,False,70
219,158.632472,599.855958,171.449082,615.359754,55,165.040777,607.607856,False,71
220,77.021169,649.186917,98.105665,666.575791,d,87.563417,657.881354,False,64
221,107.86095700000001,654.0112740000001,127.204776,666.827884,0.2,117.5328665,660.419579,False,64
222,137.02094499999998,654.0112740000001,146.26276000000001,666.827884,A,141.6418525,660.419579,False,64
223,45.221282,661.091271,54.463097,673.907881,E,49.8421895,667.4995759999998,False,72
224,312.700875,371.739844,328.845631,390.935528,Q,320.77325299999995,381.337686,False,73
225,240.472439,519.455995,253.28904900000003,546.359781,21.3,246.880744,532.907888,False,74
226,237.34131000000002,511.321464,246.461955,517.079795,+,241.9016325,514.2006295,False,74
227,246.821306,512.596362,255.941951,515.8797940000001,-,251.3816285,514.238078,False,74
228,237.34131000000002,505.357549,246.461955,510.839796,0,241.9016325,508.09867249999996,False,74
229,247.061306,497.07757699999996,256.18195099999997,510.839796,0.1,251.6216285,503.9586865,False,74
230,82.421267,506.411333,100.205086,519.227943,Ra,91.3131765,512.8196379999998,False,75
231,104.021262,506.411333,123.245081,519.227943,1.6,113.6331715,512.8196379999998,False,75
232,44.741282,519.3713280000001,54.745166000000005,532.187938,D,49.743224,525.779633,False,76
233,490.180804,362.867032,511.2653,380.255906,g,500.72305200000005,371.561469,False,77
234,522.340791,365.29138900000004,549.2445769999999,378.107999,0.03,535.792684,371.699694,False,77
235,184.43246200000002,456.575991,197.24907199999998,483.59980700000006,39.3,190.840767,470.08789900000005,False,78
236,182.021332,448.561487,191.141977,454.319818,+,186.58165449999998,451.44065250000006,False,78
237,190.781329,449.716387,199.901973,452.99981900000006,-,195.341651,451.358103,False,78
238,181.901332,442.477574,191.021977,447.959821,5,186.46165449999998,445.2186975,False,78
239,191.741328,442.477574,200.861973,447.959821,0,196.3016505,445.2186975,False,78
240,73.301171,454.30699500000003,94.385667,471.695869,b,83.843419,463.001432,False,78
241,100.30096,456.611353,127.204775,469.427963,0.05,113.7528675,463.019658,False,78
242,132.940947,456.611353,142.18276200000003,469.427963,B,137.56185449999998,463.019658,False,78
243,73.06127099999999,471.58698799999996,94.599615,488.975863,c,83.830443,480.2814255,False,78
244,100.30096,476.53134500000004,127.204775,489.34795499999996,0.05,113.7528675,482.93965,False,78
245,160.432471,456.935986,173.24908100000002,472.439811,54,166.840776,464.6878985,False,78
246,158.610245,446.59580300000005,171.01234399999998,455.159818,`,164.8112945,450.87781050000007,False,78
247,161.98134,432.87757400000004,171.101985,446.639821,0.1,166.5416625,439.7586975,False,78
248,73.301171,431.987004,94.385667,449.375878,d,83.843419,440.681441,False,78
249,104.140958,436.81136100000003,123.364778,449.627971,0.2,113.75286799999999,443.219666,False,78
250,132.940947,436.81136100000003,142.18276200000003,449.627971,A,137.56185449999998,443.219666,False,78
251,209.500916,386.291381,227.284735,399.107991,Ra,218.3928255,392.699686,False,79
252,231.100918,386.291381,250.324745,399.107991,3.2,240.7128315,392.699686,False,79
253,1591.299363,217.78743300000002,1599.8764609999998,235.1759,n,1595.587912,226.4816665,False,39
254,1130.379548,340.2114,1144.987478,353.028009,4x,1137.6835130000002,346.6197045,False,48
255,581.2723030000001,575.1918929999999,594.0889129999999,589.799764,2x,587.680608,582.4958285,False,80
256,581.2723030000001,536.6160110000001,594.0889129999999,571.319771,25.25,587.680608,553.967891,False,81
257,73.90127,385.787023,94.98576700000001,403.175897,b,84.44351850000001,394.48146,False,82
258,100.90096,388.09137999999996,120.124779,400.90799,0.1,110.51286950000001,394.499685,False,82
259,124.060955,388.09137999999996,142.486842,400.90799,CZ,133.2738985,394.499685,False,82
260,148.180941,388.09137999999996,157.422756,400.90799,B,152.8018485,394.499685,False,82
261,73.78126999999999,403.067016,95.319615,420.45589,c,84.5504425,411.76145299999996,False,82
262,100.90096,407.89137200000005,120.124779,420.707982,0.1,110.51286950000001,414.299677,False,82
263,124.060955,407.89137200000005,142.486842,420.707982,CZ,133.2738985,414.299677,False,82
264,677.860729,333.227044,689.41441,350.615918,o,683.6375694999998,341.921481,False,83
265,689.500724,337.9314,704.8845200000001,350.74801,70,697.192622,344.339705,False,83
266,254.15243399999997,391.056019,266.969044,398.75984,4,260.560739,394.90792949999997,False,79
267,44.741282,377.651385,54.745166000000005,390.467994,C,49.743224,384.0596895,False,82
268,1615.059375,182.05343200000002,1625.999058,199.907543,2x,1620.5292164999998,190.9804875,False,52
269,1374.086627,605.81992,1391.475502,616.919753,n,1382.7810645,611.3698365,False,84
270,1378.790984,590.375962,1391.6075939999998,605.759758,90,1385.199289,598.06786,False,84
271,1378.790984,561.4559730000001,1391.6075939999998,586.919765,H10,1385.199289,574.1878690000001,False,84
272,1374.65382,551.291374,1392.954938,557.879777,(,1383.8043790000004,554.5855755,False,84
273,1376.019855,546.721448,1385.140499,552.479779,+,1380.580177,549.6006135,False,84
274,1384.1798509999999,547.996348,1393.300496,551.279779,-,1388.7401734999999,549.6380634999999,False,84
275,1375.419855,527.077582,1384.540499,546.239782,0.14,1379.980177,536.658682,False,84
276,1385.139851,540.757535,1394.260495,546.239782,0,1389.700173,543.4986584999998,False,84
277,1374.65382,520.3313870000001,1392.954938,526.9197889999999,),1383.8043790000004,523.625588,False,84
278,73.78126999999999,368.171388,88.38916400000001,380.987998,4x,81.085217,374.579693,False,82
279,1257.4595,290.041339,1261.2773710000001,299.16063199999996,°,1259.3684355,294.6009855,False,85
280,1369.791342,660.9361769999999,1382.607495,678.719729,Ra,1376.1994185,669.827953,False,86
281,1369.791342,637.89618,1382.607495,657.119715,1.6,1376.1994185,647.5079475,False,86
282,492.700803,342.70704,508.792968,360.095914,r,500.7468855,351.401477,False,77
283,516.940793,345.371397,554.644602,358.18800699999997,Ø0.05,535.7926974999999,351.7797020000001,False,77
284,560.380776,345.371397,569.622591,358.18800699999997,B,565.0016835,351.7797020000001,False,77
285,674.38073,302.627056,685.480563,320.01592999999997,n,679.9306465,311.3214930000001,False,87
286,685.420726,307.331413,708.484496,320.148023,137,696.9526109999998,313.7397180000001,False,87
287,1238.499505,291.47065200000003,1246.789608,303.871018,`,1242.6445565,297.670835,False,85
288,1246.779501,291.361338,1257.366341,301.80062999999996,45,1252.0729210000002,296.580984,False,85
289,1340.379464,273.707068,1356.471629,291.095942,i,1348.4255464999999,282.401505,False,88
290,1366.059454,278.531424,1385.283266,291.348034,0.1,1375.6713599999996,284.939729,False,88
291,1394.859442,278.531424,1404.101257,291.348034,A,1399.4803494999999,284.939729,False,88
292,1193.391412,537.456243,1206.207566,556.679777,7.5,1199.799489,547.06801,False,89
293,1193.391412,508.156254,1206.207566,533.639781,MIN,1199.799489,520.8980174999998,False,89
294,168.340933,336.827042,179.440766,354.215916,n,173.8908495,345.521479,False,90
295,179.380928,341.531399,194.884753,354.348009,21,187.13284050000001,347.939704,False,90
296,198.340921,341.531399,216.124739,354.348009,H7,207.23283,347.939704,False,90
297,219.70091200000002,337.39423500000004,226.28931400000002,355.69535299999995,(,222.99511299999998,346.54479399999997,False,90
298,224.98091000000002,338.76027,230.73924100000002,347.880914,+,227.8600755,343.3205920000001,False,90
299,226.18091,346.920266,229.46434100000002,356.040911,-,227.8226255,351.48058849999995,False,90
300,231.220908,338.04027,256.023162,347.160914,0.021,243.622035,342.600592,False,90
301,256.060898,337.39423500000004,262.6493,355.69535299999995,),259.355099,346.54479399999997,False,90
302,266.500893,336.827042,292.720359,354.215916,É,279.61062599999997,345.521479,False,90
303,231.220908,347.880266,236.703154,357.00091000000003,0,233.962031,352.440588,False,90
304,1216.7795130000002,295.21300099999996,1237.144475,311.987569,45°,1226.961994,303.600285,False,85
305,1193.391412,611.616214,1206.207566,630.8397480000001,7.5,1199.799489,621.227981,False,91
306,1193.391412,582.436225,1206.207566,607.679751,MIN,1199.799489,595.057988,False,91
307,492.22080300000005,299.26705699999997,508.31296799999996,316.655931,r,500.26688550000006,307.961494,False,77
308,516.460793,301.931415,554.164603,314.748025,Ø0.05,535.3126980000001,308.33972,False,77
309,559.900776,301.931415,583.7046730000001,314.748025,B-C,571.8027245000001,308.33972,False,92
310,489.700804,319.307049,510.7853,336.695923,g,500.243052,328.001486,False,77
311,521.8607910000001,321.731407,548.8845769999999,334.548017,0.03,535.3726839999998,328.1397120000001,False,77
312,228.820908,293.880288,234.57924,303.000932,+,231.70007400000003,298.44061,False,93
313,235.180906,294.000288,240.66315299999997,303.120932,0,237.92202949999998,298.56061,False,93
314,550.31267,449.67213799999996,563.128823,464.27978099999996,2x,556.7207465,456.9759595,False,94
315,550.31267,418.896286,563.128823,445.79982199999995,13.8,556.7207465,432.348054,False,94
316,128.260949,332.411403,145.148843,345.228013,Rz,136.70489600000002,338.819708,False,90
317,149.020939,332.411403,168.244766,345.228013,6.3,158.63285249999998,338.819708,False,90
318,170.620932,293.26706,181.720765,310.655934,n,176.1708485,301.961497,False,93
319,181.780927,297.97141600000003,197.164752,310.788026,35,189.4728395,304.379721,False,93
320,200.74092,297.97141600000003,219.964733,310.788026,M7,210.35282650000002,304.379721,False,93
321,223.540911,293.834252,230.129313,312.13537,(,226.835112,302.9848110000001,False,93
322,230.140908,303.360284,233.42434,312.480928,-,231.78262400000003,307.920606,False,93
323,235.180906,303.720284,259.983174,312.84092799999996,0.025,247.58203999999998,308.2806060000001,False,93
324,259.900896,293.834252,266.489298,312.13537,),263.19509700000003,302.9848110000001,False,93
325,270.340892,293.26706,296.560358,310.655934,É,283.450625,301.961497,False,93
326,552.952669,590.072092,565.768822,604.6797339999999,2x,559.3607455,597.3759130000002,False,80
327,552.952669,551.616227,565.768822,586.3197650000001,15.25,559.3607455,568.967996,False,81
328,79.901168,311.771411,89.142983,324.58802099999997,B,84.5220755,318.17971600000004,False,95
329,1433.2718949999999,131.897561,1452.567304,150.83993999999998,50°,1442.9195995,141.36875049999998,False,96
330,1340.379464,253.787075,1356.471629,271.17595,i,1348.4255464999999,262.4815125,False,88
331,1362.2194550000002,258.731432,1389.1233,271.548042,0.05,1375.6713774999996,265.139737,False,88
332,1394.859442,258.731432,1404.101257,271.548042,B,1399.4803494999999,265.139737,False,88
333,502.672689,552.2721769999999,515.488842,566.87982,2x,509.08076550000004,559.5759985000001,False,81
334,502.672689,532.896242,515.488842,548.399781,10,509.08076550000004,540.6480114999998,False,81
335,521.5123269999999,580.831891,534.328937,595.319762,2x,527.9206320000002,588.0758265,False,80
336,521.5123269999999,542.256009,534.328937,576.959769,25.25,527.9206320000002,559.607889,False,81
337,127.060949,288.85142,143.94884299999998,301.66803,Rz,135.504896,295.259725,False,93
338,147.82093999999998,288.85142,167.04476599999998,301.66803,6.3,157.43285300000005,295.259725,False,93
339,1574.73937,71.054519,1587.4081,88.30725,90,1581.073735,79.68088449999998,False,97
340,1587.339375,79.93452099999999,1591.8780279999999,92.747251,°,1589.6087015,86.34088600000003,False,97
341,1657.900637,94.21149799999999,1667.142452,107.028108,A,1662.5215445000001,100.619803,False,98
342,1447.781876,255.401002,1460.619875,267.599893,0.1,1454.2008755000004,261.5004475,False,9
343,745.313263,223.799864,760.0465360000001,233.70977799999997,.6,752.6798994999998,228.754821,False,99
344,1304.019478,195.707099,1319.6577949999999,213.095973,f,1311.8386365,204.40153600000002,False,100
345,1328.2594689999999,198.011456,1355.2833130000001,210.828066,0.03,1341.771391,204.41976100000002,False,100
346,1360.899456,198.011456,1370.903339,210.828066,D,1365.9013975,204.41976100000002,False,100
347,1301.0194800000002,212.987092,1322.557824,230.375966,c,1311.788652,221.681529,False,100
348,1328.2594689999999,217.81144799999998,1355.2833130000001,230.628058,0.05,1341.771391,224.21975300000003,False,100
349,372.700851,266.027071,383.800684,283.415945,n,378.2507675,274.72150800000003,False,101
350,383.860846,270.731427,406.924675,283.548037,125,395.3927605,277.139732,False,101
351,1559.619391,60.494536,1571.652708,77.627266,4x,1565.6360495,69.060901,False,97
352,1411.299435,92.531499,1421.3033189999999,105.34810800000001,D,1416.301377,98.9398035,False,102
353,1332.339467,144.947119,1353.877812,162.335993,c,1343.1086395,153.64155599999995,False,103
354,1359.5794560000002,149.771476,1386.483301,162.588086,0.05,1373.0313784999996,156.17978100000002,False,103
355,1176.0995300000002,169.53992399999998,1188.778766,188.735609,Z,1182.439148,179.1377665,False,104
356,1194.69959,169.53992399999998,1201.609878,188.735609,(,1198.154734,179.1377665,False,104
357,1207.299608,169.53992399999998,1230.4774730000001,188.735609,10,1218.8885404999999,179.1377665,False,104
358,1236.219586,169.53992399999998,1241.988535,188.735609,:,1239.1040604999996,179.1377665,False,104
359,1247.739671,169.53992399999998,1259.2775689999999,188.735609,1,1253.5086199999998,179.1377665,False,104
360,1265.019682,169.53992399999998,1271.929969,188.735609,),1268.4748255000002,179.1377665,False,104
361,372.580851,242.499895,407.18220099999996,261.69558,B-B,389.88152599999995,252.0977375,False,101
362,1457.379417,40.299976,1472.362083,59.495661,R,1464.87075,49.8978185,False,105
363,1478.139469,40.299976,1485.049757,59.495661,(,1481.594613,49.8978185,False,105
364,1490.859487,40.299976,1502.3973839999999,59.495661,1,1496.6284355,49.8978185,False,105
365,1508.1394970000001,40.299976,1513.9084460000001,59.495661,:,1511.0239714999998,49.8978185,False,105
366,1519.659582,40.299976,1531.19748,59.495661,1,1525.428531,49.8978185,False,105
367,1537.059593,40.299976,1543.96988,59.495661,),1540.5147365,49.8978185,False,105
368,1472.499411,70.05996400000001,1487.482077,89.255649,C,1479.990744,79.65780649999998,False,106
369,1513.5394509999999,69.339964,1528.522116,88.53564899999999,C,1521.0307835,78.9378065,False,107
370,1431.8335439999998,277.063616,1449.926827,294.23988199999997,2.5,1440.8801855000004,285.651749,False,9
371,1440.4516529999999,267.658168,1452.8502859999999,275.27988999999997,`,1446.6509695,271.469029,False,9
372,840.3406640000001,152.991573,847.160648,165.39091200000001,`,843.7506559999998,159.19124250000002,False,108
373,741.4732700000001,217.07987400000002,754.286545,223.74978900000002,1,747.8799075000001,220.4148315,False,99
374,730.673304,198.479921,748.526554,213.78979900000002,Ra,739.599929,206.13486,False,99
375,647.7407410000001,183.587104,658.8405740000001,200.975978,n,653.2906575000001,192.281541,False,109
376,658.780736,188.29146,674.164532,201.10807,29,666.472634,194.69976499999999,False,109
377,675.94073,186.469233,684.5047450000001,198.87133300000002,`,680.2227375,192.670283,False,109
378,684.580726,189.840329,698.342945,198.960974,0.5,691.4618355,194.4006515,False,109
379,855.8206560000001,144.481675,858.961488,153.600607,°,857.3910720000001,149.04114099999995,False,108
380,847.060661,147.841674,855.866416,160.320606,45,851.4635384999998,154.08114,False,108
381,1251.579502,89.162099,1260.2410519999999,100.440512,5°,1255.910277,94.80130550000001,False,110
382,1613.740655,16.211529000000002,1629.124509,29.028139000000003,12,1621.4325820000001,22.619834,False,111
383,1398.230976,242.37607799999998,1411.047586,250.0799,5,1404.639281,246.227989,False,88
384,1395.459847,234.361573,1404.580491,240.119904,+,1400.020169,237.24073849999996,False,88
385,1403.619844,235.63647200000003,1412.7404880000001,238.919904,-,1408.180166,237.278188,False,88
386,1394.8598470000002,214.59766299999998,1403.980492,233.879906,0.03,1399.4201695,224.2387845,False,88
387,1393.5266199999999,184.50045,1410.9154939999999,210.719916,É,1402.2210570000002,197.610183,False,112
388,1404.579843,228.39766,1413.7004880000002,233.879906,0,1409.1401655,231.13878300000002,False,88
389,835.42066,159.013418,839.8344,171.827528,°,837.62753,165.42047300000004,False,108
390,823.060671,163.693415,835.4357620000001,181.18751899999998,45,829.2482164999999,172.44046699999998,False,108
391,1238.6195050000001,80.271514,1246.483466,92.670957,`,1242.5514855000001,86.47123549999999,False,110
392,1246.539501,87.002101,1251.573457,96.12051600000001,4,1249.056479,91.5613085,False,110
393,1388.51098,91.776138,1401.32759,109.43995600000001,Ra,1394.919285,100.608047,False,102
394,1388.51098,68.61614200000001,1401.32759,87.839962,0.8,1394.919285,78.22805199999998,False,102
395,1217.139513,73.09394499999999,1236.3886009999999,92.027408,45°,1226.764057,82.5606765,False,110
396,1257.591033,174.696089,1270.407642,201.719919,0.15,1263.9993375,188.208004,False,104
397,1254.459903,166.561602,1263.5805480000001,172.31993300000002,+,1259.0202255000002,169.4407675,False,104
398,1263.9399,167.8365,1273.060544,171.119932,-,1268.500222,169.478216,False,104
399,1254.459903,160.597687,1263.5805480000001,166.079934,0,1259.0202255000002,163.33881050000005,False,104
400,1264.299899,146.79769,1273.4205439999998,166.079934,0.15,1268.8602215,156.43881199999996,False,104
401,662.500742,156.493919,666.896688,169.30739,°,664.698715,162.9006545,False,113
402,1472.020711,16.211529000000002,1487.404566,29.028139000000003,11,1479.7126385,22.619834,False,114
403,1175.25953,51.819971,1189.1008570000001,71.015656,Y,1182.1801935,61.41781350000001,False,110
404,1194.819532,51.819971,1201.72982,71.015656,(,1198.274676,61.41781350000001,False,110
405,1207.53955,51.819971,1230.597415,71.015656,10,1219.0684824999996,61.41781350000001,False,110
406,1236.4595279999999,51.819971,1242.2284769999999,71.015656,:,1239.3440025,61.41781350000001,False,110
407,1247.979613,51.819971,1259.517511,71.015656,1,1253.748562,61.41781350000001,False,110
408,1265.2596230000001,51.819971,1272.169911,71.015656,),1268.714767,61.41781350000001,False,110
409,965.1549630000001,137.802569,981.20796,151.079919,4x,973.1814615000001,144.44124399999995,False,115
410,972.714948,118.015049,989.6074769999999,134.159946,R5,981.1612125,126.08749750000001,False,115
411,566.141179,136.597692,575.261823,150.23994,0.1,570.701501,143.418816,False,116
412,1330.300768,16.211529000000002,1345.684622,29.028139000000003,10,1337.992695,22.619834,False,117
413,820.420672,85.211502,847.444458,98.028111,0.25,833.9325650000002,91.6198065,False,118
414,849.700658,81.96037199999999,855.4589890000001,91.081017,+,852.5798235,86.52069449999999,False,118
415,850.90066,91.44036899999999,854.184092,100.561013,-,852.542376,96.000691,False,118
416,855.940658,81.96037199999999,861.4229039999999,91.081017,0,858.681781,86.52069449999999,False,118
417,855.940658,91.800368,875.1028570000001,100.921013,0.25,865.5217574999998,96.3606905,False,118
418,536.8733129999999,215.759904,551.606776,225.78330699999998,.6,544.2400445000002,220.7716055,False,119
419,45.221282,235.931441,54.463097,248.74805099999998,B,49.8421895,242.339746,False,120
420,1192.4208230000002,16.211529000000002,1200.1246449999999,29.028139000000003,9,1196.272734,22.619834,False,121
421,1183.4310619999999,223.65607000000003,1196.247672,250.6799,0.15,1189.839367,237.16798500000002,False,122
422,1180.299933,215.641583,1189.4205769999999,221.39991400000002,+,1184.860255,218.5207485,False,122
423,1189.7799289999998,216.91647999999998,1198.900574,220.199912,-,1194.3402515,218.558196,False,122
424,1180.299933,209.67766699999999,1189.4205769999999,215.15991400000001,0,1184.860255,212.41879049999997,False,122
425,1190.139929,195.87767,1199.260573,215.15991400000001,0.15,1194.700251,205.518792,False,122
426,238.18312200000003,152.933404,250.061432,162.479935,30,244.122277,157.7066695,False,123
427,650.26074,147.13391399999998,662.491106,164.627387,30,656.3759230000002,155.8806505,False,113
428,1050.70088,16.211529000000002,1058.404701,29.028139000000003,8,1054.5527905,22.619834,False,124
429,761.980695,59.139968999999994,775.822022,78.33565300000001,X,768.9013585,68.737811,False,118
430,781.660698,59.139968999999994,788.570985,78.33565300000001,(,785.1158415,68.737811,False,118
431,794.260715,59.139968999999994,817.438639,78.33565300000001,10,805.8496769999998,68.737811,False,118
432,823.180752,59.139968999999994,828.949701,78.33565300000001,:,826.0652265,68.737811,False,118
433,834.70072,59.139968999999994,846.238618,78.33565300000001,1,840.4696690000002,68.737811,False,118
434,851.9807310000001,59.139968999999994,858.8910179999999,78.33565300000001,),855.4358745,68.737811,False,118
435,606.8207570000001,68.739965,626.4102809999999,87.93565,W,616.6155190000001,78.3378075,False,125
436,632.260734,68.739965,639.171022,87.93565,(,635.715878,78.3378075,False,125
437,644.9807519999999,68.739965,656.518649,87.93565,5,650.7497005,78.3378075,False,125
438,662.260762,68.739965,668.029711,87.93565,:,665.1452365,78.3378075,False,125
439,673.78073,68.739965,685.318628,87.93565,1,679.549679,78.3378075,False,125
440,691.06074,68.739965,697.971028,87.93565,),694.515884,78.3378075,False,125
441,533.033318,209.039904,545.846784,215.703307,1,539.4400509999999,212.37160550000002,False,119
442,522.233344,190.439924,540.086792,205.74330700000002,Ra,531.1600679999998,198.0916155,False,119
443,115.540954,194.747099,126.64078700000002,212.135973,n,121.09087050000001,203.441536,False,126
444,126.700949,199.451456,142.084774,212.268066,29,134.3928615,205.85976100000002,False,126
445,143.860942,197.509229,152.424957,209.91132799999997,`,148.14294950000001,203.7102785,False,126
446,152.38093899999998,200.880325,166.143187,210.000969,0.5,159.26206299999998,205.44064699999998,False,126
447,908.9809359999999,16.211529000000002,916.684758,29.028139000000003,7,912.832847,22.619834,False,127
448,701.872255,100.776133,714.6888650000001,119.99995200000001,0.8,708.2805599999998,110.38804250000001,False,128
449,293.275079,121.85040500000001,310.168255,142.079943,45°,301.72166699999997,131.965174,False,129
450,297.332797,111.494077,309.731802,119.759952,`,303.5322995,115.6270145,False,129
451,302.983275,106.188465,312.101354,111.479955,4,307.5423145,108.83421000000001,False,129
452,243.58312,149.46516699999998,252.701429,152.87993500000002,°,248.1422745,151.172551,False,123
453,439.66082400000005,137.173567,451.18924400000003,155.147483,30,445.425034,146.160525,False,130
454,451.180818,147.49355400000002,455.330763,160.307476,°,453.25579050000005,153.90051499999996,False,130
455,355.900858,153.371474,382.924673,166.188084,0.25,369.4127655,159.77977900000005,False,131
456,385.180844,150.240345,390.939175,159.360989,+,388.06000950000004,154.80066699999998,False,131
457,386.380845,159.720341,389.664277,168.84098600000002,-,388.022561,164.2806635,False,131
458,391.420843,150.240345,396.90308999999996,159.360989,0,394.1619665,154.80066699999998,False,131
459,391.420843,160.080341,410.703102,169.200985,0.25,401.0619725,164.64066300000005,False,131
460,220.79503599999998,176.930017,237.568304,190.199924,60,229.18167000000003,183.5649705,False,123
461,228.475023,172.081439,241.288298,176.87993899999998,°,234.8816605,174.48068899999996,False,123
462,230.493095,162.385232,242.891778,169.799932,`,236.6924365,166.092582,False,123
463,138.100945,165.973981,158.335568,182.747352,30°,148.2182565,174.3606665,False,132
464,767.380993,16.211529000000002,775.084815,29.028139000000003,6,771.232904,22.619834,False,133
465,1612.431742,158.87993600000001,1626.565951,179.64013799999998,10°,1619.4988465,169.260037,False,52
466,63.59271,164.2561,76.40932,183.599927,0.8,70.001015,173.92801350000005,False,134
467,62.610583,154.03592,75.012682,162.59993500000002,`,68.8116325,158.3179275,False,134
468,65.981679,140.197691,75.102323,153.959938,0.1,70.542001,147.0788145,False,134
469,45.101282,94.21149799999999,54.343097,107.028108,A,49.7221895,100.619803,False,135
470,404.740838,74.619962,418.582165,93.815647,V,411.6615015,84.2178045,False,136
471,424.42087000000004,74.619962,431.331157,93.815647,(,427.8760135,84.2178045,False,136
472,437.140887,74.619962,448.67878499999995,93.815647,5,442.909836,84.2178045,False,136
473,454.420898,74.619962,460.189847,93.815647,:,457.3053725,84.2178045,False,136
474,465.940924,74.619962,477.478822,93.815647,1,471.7098730000001,84.2178045,False,136
475,483.34093499999994,74.619962,490.251222,93.815647,),486.7960785,84.2178045,False,136
476,304.423275,97.113139,314.981355,106.19996100000002,5°,309.702315,101.65655,False,129
477,200.741325,86.43772,209.861969,100.19996,0.1,205.301647,93.31884000000001,False,137
478,204.95245400000002,108.696132,217.769063,116.399953,1,211.3607585,112.5480425,False,137
479,201.341325,100.681626,210.46196899999998,106.439957,+,205.90164700000003,103.56079150000001,False,137
480,210.221321,101.956526,219.341965,105.239958,-,214.781643,103.598242,False,137
481,210.461321,86.43772,219.581965,100.19996,0.5,215.021643,93.31884000000001,False,137
482,74.753731,72.479925,89.487002,82.509835,.6,82.1203665,77.49488000000001,False,138
483,279.580888,66.339966,294.563554,85.53565,U,287.072221,75.93780799999999,False,139
484,300.340911,66.339966,307.251198,85.53565,(,303.7960545,75.93780799999999,False,139
485,313.060929,66.339966,336.118823,85.53565,10,324.589876,75.93780799999999,False,139
486,341.980936,66.339966,347.749885,85.53565,:,344.8654105,75.93780799999999,False,139
487,353.500963,66.339966,365.03886,85.53565,1,359.2699115000001,75.93780799999999,False,139
488,370.900973,66.339966,377.811261,85.53565,),374.356117,75.93780799999999,False,139
489,570.232308,158.85611200000002,583.048917,166.559933,1,576.6406125,162.7080225,False,116
490,566.741178,150.841606,575.8618230000001,156.599937,+,571.3015005,153.7207715,False,116
491,575.621175,152.11650600000002,584.7418190000001,155.399938,-,580.1814969999999,153.758222,False,116
492,575.861175,136.597692,584.9818190000001,150.23994,0.5,580.4214969999999,143.418816,False,116
493,70.913738,65.759934,83.727013,72.429849,1,77.3203755,69.0948915,False,138
494,60.113772,47.159981,77.967023,62.46986,Ra,69.0403975,54.81492049999999,False,138
495,136.060946,59.25996800000001,148.740182,78.455653,T,142.400564,68.8578105,False,137
496,154.540962,59.25996800000001,161.451249,78.455653,(,157.9961055,68.8578105,False,137
497,167.260965,59.25996800000001,178.79886299999998,78.455653,5,173.02991400000005,68.8578105,False,137
498,184.660975,59.25996800000001,190.429924,78.455653,:,187.5454495,68.8578105,False,137
499,196.180973,59.25996800000001,207.71886999999998,78.455653,1,201.9499215,68.8578105,False,137
500,213.460983,59.25996800000001,220.371271,78.455653,),216.916127,68.8578105,False,137
501,625.54105,16.091529,633.244872,28.908139000000002,5,629.392961,22.499834,False,140
502,483.94110599999993,16.211529000000002,491.64492800000005,29.028139000000003,4,487.793017,22.619834,False,141
503,567.343079,61.628617000000006,579.221279,69.71996999999999,0°,573.282179,65.6742935,False,142
504,342.101163,16.211529000000002,349.804985,29.028139000000003,3,345.953074,22.619834,False,143
505,547.194758,88.976556,563.968218,102.359959,60,555.581488,95.6682575,False,142
506,554.994747,84.246144,567.808213,89.039959,°,561.40148,86.6430515,False,142
507,556.892821,74.552714,569.2916740000001,81.959967,`,563.0922475,78.25634050000001,False,142
508,564.463077,69.778187,573.581277,74.51997,3,569.0221769999999,72.1490785,False,142
509,200.50122,16.211529000000002,208.205042,29.028139000000003,2,204.35313100000002,22.619834,False,144
510,498.83233600000005,118.536128,511.648946,126.23995,1,505.24064100000004,122.388039,False,145
511,58.661277,16.211529000000002,66.365098,29.028139000000003,1,62.5131875,22.619834,False,146
512,986.5006050000001,865.811189,1013.52445,878.627799,69.5,1000.0125275,872.2194939999998,False,147
513,59.741276,992.0344,75.497923,999.307117,Raw,67.61959949999999,995.6707585,False,148
514,77.74127299999999,992.0344,91.447009,999.307117,part,84.59414100000002,995.6707585,False,148
515,93.581266,992.0344,105.967008,999.307117,No:,99.774137,995.6707585,False,148
516,225.581259,1064.342753,251.317626,1069.826817,according,238.4494425,1067.084785,False,149
517,252.94125899999997,1064.342753,257.917626,1069.826817,to,255.4294425,1067.084785,False,149
518,259.541258,1064.342753,269.701789,1069.826817,DIN,264.62152349999997,1067.084785,False,149
519,271.421252,1064.342753,281.553786,1069.826817,ISO,276.487519,1067.084785,False,149
520,283.301256,1064.342753,299.797623,1069.826817,13715,291.5494395,1067.084785,False,149
521,59.741276,1074.354367,88.846721,1081.627084,Nominal,74.2939985,1077.9907254999996,False,150
522,91.061273,1074.354367,123.912456,1081.627084,geometry,107.4868645,1077.9907254999996,False,150
523,126.221249,1074.354367,171.072468,1081.627084,(theoretically,148.6468585,1077.9907254999996,False,150
524,173.26126100000002,1074.354367,194.839435,1081.627084,exact),184.050348,1077.9907254999996,False,149
525,197.021256,1074.354367,222.99275899999998,1081.627084,defined,210.00700750000001,1077.9907254999996,False,149
526,225.22126400000002,1074.354367,233.592466,1081.627084,by,229.406865,1077.9907254999996,False,149
527,235.78125899999998,1074.354367,252.37784399999998,1081.627084,CAD,244.0795515,1077.9907254999996,False,149
528,254.621188,1074.354367,267.006923,1081.627084,file:,260.8140555,1077.9907254999996,False,149
529,140.141244,1086.7199699999999,228.783448,1095.840615,5152166_Rev04.stp,184.462346,1091.2802925,False,151
530,59.741276,1102.674356,102.84700600000001,1109.947073,Cleanliness:,81.294141,1106.3107145,False,152
531,59.741276,1113.075261,76.42739300000001,1121.480511,Part,68.0843345,1117.277886,False,152
532,78.94128,1113.075261,93.564654,1121.480511,has,86.25296700000001,1117.277886,False,152
533,96.221275,1113.075261,103.793514,1121.480511,to,100.00739449999999,1117.277886,False,152
534,106.301278,1113.075261,116.39351200000002,1121.480511,be,111.34739499999999,1117.277886,False,152
535,118.901276,1113.075261,161.99355400000002,1121.480511,degreased,140.44741499999998,1117.277886,False,152
536,164.501318,1113.075261,179.75356499999998,1121.480511,and,172.1274415,1117.277886,False,152
537,182.26132900000002,1113.075261,197.993572,1121.480511,free,190.12745049999998,1117.277886,False,152
538,200.501336,1113.075261,208.067459,1121.480511,of,204.2843975,1117.277886,False,152
539,210.581331,1113.075261,247.06746800000002,1121.480511,deposits.,228.8243995,1117.277886,False,152
540,249.58133999999998,1113.075261,294.113384,1121.480511,detachable,271.84736200000003,1117.277886,False,153
541,59.741276,1123.3952570000001,80.484647,1131.800507,burrs,70.1129615,1127.597882,False,152
542,83.02126899999999,1123.3952570000001,98.2735,1131.800507,and,90.6473845,1127.597882,False,152
543,100.78126400000001,1123.3952570000001,124.03851499999999,1131.800507,visual,112.4098895,1127.597882,False,152
544,126.581245,1123.3952570000001,168.59349699999999,1131.800507,detectable,147.58737100000005,1127.597882,False,152
545,171.10126100000002,1123.3952570000001,207.467392,1131.800507,particles.,189.2843265,1127.597882,False,152
546,59.741276,1136.634342,88.272467,1143.907059,Delivery,74.0068715,1140.2707005,False,152
547,90.461267,1136.634342,128.406996,1143.907059,conditions:,109.43413149999999,1140.2707005,False,152
548,475.06080999999995,1112.411091,489.66871100000003,1125.227701,2x,482.36476050000005,1118.819396,False,154
549,493.54080300000004,1107.706734,504.64063600000003,1125.095608,n,499.09071950000003,1116.401171,False,154
550,504.5807980000001,1112.411091,527.7645679999999,1125.227701,134,516.172683,1118.819396,False,154
551,531.220788,1117.799958,534.504219,1126.920602,-,532.8625035,1122.36028,False,154
552,536.380785,1118.159958,550.023004,1127.280602,0.2,543.2018945,1122.72028,False,154
553,553.900825,1112.411091,572.446712,1125.227701,CT,563.1737684999999,1118.819396,False,154
554,530.020788,1108.3199619999998,535.779119,1117.4406060000001,+,532.8999535,1112.8802839999996,False,154
555,536.380785,1108.3199619999998,541.863032,1117.4406060000001,0,539.1219085,1112.8802839999996,False,154
556,619.060752,1103.291094,636.844571,1116.107704,Ra,627.9526615,1109.699399,False,155
557,640.66074,1103.291094,659.884552,1116.107704,3.2,650.272646,1109.699399,False,155
558,753.340699,1094.411098,768.724494,1107.2277080000001,10,761.0325965,1100.819403,False,156
559,772.540663,1094.411098,797.904584,1107.2277080000001,MIN,785.2226235,1100.819403,False,156
560,753.580699,1121.0510869999998,780.604485,1133.8676970000001,15.1,767.092592,1127.459392,False,156
561,782.380687,1120.0688599999999,790.944702,1132.470959,`,786.6626945,1126.2699095,False,156
562,791.020684,1123.4399560000002,796.50293,1132.5606,2,793.761807,1128.000278,False,156
563,970.9006109999999,1030.7795800000001,985.8832769999999,1049.975265,D,978.391944,1040.3774225,False,157
564,971.1406119999999,1058.019569,986.1232769999999,1077.215254,D,978.6319445,1067.6174115000001,False,158
565,342.101163,1164.13107,349.804985,1176.94768,3,345.953074,1170.5393749999996,False,159
566,483.94110599999993,1164.25107,491.64492800000005,1177.06768,4,487.793017,1170.6593750000004,False,160
567,625.54105,1164.13107,633.244872,1176.94768,5,629.392961,1170.5393749999996,False,161
568,767.381016,1164.13107,775.084838,1176.94768,6,771.2329269999999,1170.5393749999996,False,162
569,1451.6194189999999,965.2297980000001,1453.980015,971.787009,-,1452.799717,968.5084035,False,163
570,1491.579403,965.8297980000001,1527.3210900000001,972.387009,20.06.2018,1509.4502465,969.1084035,False,164
571,1547.259381,965.9497980000001,1556.6676619999998,972.507009,KB,1551.9635215,969.2284035,False,165
572,1576.659369,965.8297980000001,1612.4010560000002,972.387009,26.06.2018,1594.5302124999996,969.1084035,False,165
573,1630.4193480000001,965.9497980000001,1640.734494,972.507009,KG,1635.576921,969.2284035,False,165
574,1451.6194189999999,977.469793,1453.980015,984.027005,-,1452.799717,980.748399,False,163
575,1491.579403,978.189793,1527.3210900000001,984.747004,08.06.2018,1509.4502465,981.4683985,False,164
576,1547.259691,978.189793,1556.667972,984.747004,KB,1551.9638315,981.4683985,False,165
577,1576.659669,978.189793,1612.401356,984.747004,08.06.2018,1594.5305125,981.4683985,False,165
578,1630.8999939999999,978.189793,1640.271303,984.747004,DF,1635.5856485,981.4683985,False,165
579,1153.179539,990.429788,1157.120954,996.986999,2,1155.1502465,993.7083935,False,166
580,1167.939533,989.7097880000001,1203.164245,996.267,Tolerances,1185.5518889999996,992.988394,False,166
581,1205.139757,989.7097880000001,1232.481401,996.267,changed,1218.810579,992.988394,False,166
582,1451.6194189999999,989.7097880000001,1453.980015,996.267,-,1452.799717,992.988394,False,163
583,1491.579403,990.429788,1527.3210900000001,996.986999,03.05.2018,1509.4502465,993.7083935,False,164
584,1547.259691,990.429788,1556.667972,996.986999,KB,1551.9638315,993.7083935,False,165
585,1576.659669,990.429788,1612.401356,996.986999,03.05.2018,1594.5305125,993.7083935,False,165
586,1630.8999939999999,990.429788,1640.271303,996.986999,DF,1635.5856485,993.7083935,False,165
587,1153.179539,1002.669783,1157.120954,1009.226994,1,1155.1502465,1005.9483885,False,166
588,1167.939533,1001.949783,1182.990226,1008.506995,Start,1175.4648794999996,1005.2283890000001,False,166
589,1184.979449,1001.949783,1211.910348,1008.506995,drawing.,1198.4448985,1005.2283890000001,False,166
590,1213.8995710000002,1001.949783,1250.2412689999999,1008.506995,anodization,1232.07042,1005.2283890000001,False,166
591,1252.299867,1001.949783,1281.990682,1008.506995,removed.,1267.1452745,1005.2283890000001,False,166
592,1283.979906,1001.949783,1302.990765,1008.506995,layout,1293.4853355,1005.2283890000001,False,166
593,1304.979988,1001.949783,1326.801563,1008.506995,update,1315.8907755,1005.2283890000001,False,166
594,1451.6194189999999,1001.949783,1453.980015,1008.506995,-,1452.799717,1005.2283890000001,False,163
595,1491.579403,1002.669783,1527.3210900000001,1009.226994,18.04.2018,1509.4502465,1005.9483885,False,164
596,1547.259691,1002.669783,1556.667972,1009.226994,KB,1551.9638315,1005.9483885,False,165
597,1576.659669,1002.669783,1612.401356,1009.226994,18.04.2018,1594.5305125,1005.9483885,False,165
598,1437.819425,1014.9473859999999,1467.73837,1021.146955,SECTION,1452.7788975,1018.0471705,False,163
599,1500.4594,1014.9473859999999,1518.369774,1021.146955,DATE,1509.414587,1018.0471705,False,164
600,1268.259493,1014.9473859999999,1314.258403,1021.146955,DESCRIPTION,1291.258948,1018.0471705,False,166
601,1148.0195410000001,1079.8743650000001,1174.925371,1087.147082,Weight:,1161.472456,1083.5107235,False,166
602,846.460661,1086.251101,861.068533,1099.067711,4x,853.7645970000001,1092.659406,False,167
603,846.460661,1103.386736,862.552826,1120.77561,j,854.5067435000001,1112.081173,False,167
604,868.3006529999999,1106.171093,898.3244880000001,1118.987703,Ø0.2,883.3125705,1112.579398,False,167
605,903.940638,1106.171093,913.1824529999999,1118.987703,B,908.5615455,1112.579398,False,167
606,184.421226,1151.519945,201.452433,1160.640589,ISO,192.9368295,1156.080267,False,152
607,204.221242,1151.519945,226.26347599999997,1160.640589,2768,215.242359,1156.080267,False,152
608,229.06123,1151.519945,232.344662,1160.640589,-,230.702946,1156.080267,False,152
609,235.421206,1151.519945,250.820238,1160.640589,mH,243.12072200000003,1156.080267,False,152
610,200.501243,1164.25107,208.205065,1177.06768,2,204.35315400000002,1170.6593750000004,False,152
611,1167.939533,965.1097980000001,1198.041153,971.667009,Redesign,1182.990343,968.3884035,False,166
612,1167.939533,977.469793,1203.164245,984.027005,Tolernaces,1185.5518889999996,980.748399,False,166
613,1205.139757,977.469793,1232.481401,984.027005,changed,1218.810579,980.748399,False,166
614,908.981001,1164.13107,916.684822,1176.94768,7,912.8329115,1170.5393749999996,False,168
615,1630.8999939999999,1002.669783,1640.271303,1009.226994,DF,1635.5856485,1005.9483885,False,165
616,1533.819386,1014.9473859999999,1559.298385,1021.146955,DRAWN,1546.5588855,1018.0471705,False,165
617,1561.179302,1014.9473859999999,1570.089735,1021.146955,BY,1565.6345185,1018.0471705,False,165
618,1575.81937,1014.9473859999999,1593.402606,1021.146955,INSP.,1584.6109880000001,1018.0471705,False,165
619,1595.2592650000001,1014.9473859999999,1613.16964,1021.146955,DATE,1604.2144525,1018.0471705,False,165
620,1621.419351,1014.9473859999999,1639.002587,1021.146955,INSP.,1630.210969,1018.0471705,False,165
621,1640.859247,1014.9473859999999,1649.76968,1021.146955,BY,1645.3144634999999,1018.0471705,False,165
622,1368.3394529999998,1026.4673810000002,1400.538429,1032.666951,REVISION,1384.438941,1029.5671659999996,False,166
623,1402.4193460000001,1026.4673810000002,1432.3296189999999,1032.666951,HISTORY,1417.3744825,1029.5671659999996,False,166
624,141.941243,1136.87995,145.224675,1146.000595,-,143.58295900000002,1141.4402725,False,152
625,59.741276,1150.914336,87.886709,1158.187054,General,73.8139925,1154.550695,False,152
626,90.101261,1150.914336,126.67243899999998,1158.187054,tolerances,108.38685,1154.550695,False,152
627,128.861232,1150.914336,163.11274,1158.187054,according,145.986986,1154.550695,False,152
628,165.341245,1150.914336,174.12698899999998,1158.187054,to:,169.734117,1154.550695,False,152
629,58.661277,1164.25107,66.365098,1177.06768,1,62.5131875,1170.6593750000004,False,152
630,550.18078,1077.731105,567.964598,1090.547714,Ra,559.0726890000002,1084.1394095,False,169
631,571.780767,1077.731105,591.004579,1090.547714,1.6,581.3926730000002,1084.1394095,False,169
632,446.14082199999996,1083.946743,457.240655,1101.335618,n,451.69073849999995,1092.6411805,False,154
633,457.300817,1088.6511,480.364645,1101.46771,132,468.832731,1095.059405,False,154
634,482.14080700000005,1086.708873,490.704822,1099.110973,`,486.4228145,1092.9099230000004,False,154
635,490.780804,1090.079969,504.54302199999995,1099.200613,0.1,497.66191299999997,1094.640291,False,154
636,1153.179539,965.9497980000001,1157.120954,972.507009,4,1155.1502465,969.2284035,False,166
637,1153.179539,978.189793,1157.120954,984.747004,3,1155.1502465,981.4683985,False,166
638,1148.0195410000001,1037.512985,1185.358388,1045.560482,Copyright,1166.6889644999999,1041.5367335,False,166
639,1148.0195410000001,1047.352981,1163.1767439999999,1055.400478,The,1155.5981425,1051.3767295,False,166
640,1165.539562,1047.352981,1216.318484,1055.400478,reproduction.,1190.9290230000001,1051.3767295,False,166
641,1218.819817,1047.352981,1260.85723,1055.400478,distribution,1239.8385234999998,1051.3767295,False,166
642,1263.340048,1047.352981,1277.777345,1055.400478,and,1270.5586965,1051.3767295,False,166
643,1280.2601630000001,1047.352981,1316.537568,1055.400478,utilization,1298.3988654999996,1051.3767295,False,166
644,1319.020386,1047.352981,1326.239035,1055.400478,of,1322.6297105,1051.3767295,False,166
645,1328.6203679999999,1047.352981,1342.2095470000002,1055.400478,this,1335.4149575,1051.3767295,False,166
646,1344.579514,1047.352981,1382.878347,1055.400478,document,1363.7289305,1051.3767295,False,166
647,1385.2596800000001,1047.352981,1394.529728,1055.400478,as,1389.8947039999996,1051.3767295,False,166
648,1397.0196939999998,1047.352981,1411.911205,1055.400478,well,1404.4654495,1051.3767295,False,166
649,1414.4198039999999,1047.352981,1423.5698519999999,1055.400478,as,1418.9948279999999,1051.3767295,False,166
650,1425.939818,1047.352981,1438.0970320000001,1055.400478,the,1432.018425,1051.3767295,False,166
651,1440.45985,1047.352981,1499.057298,1055.400478,communication,1469.758574,1051.3767295,False,166
652,1501.5401160000001,1047.352981,1508.758765,1055.400478,of,1505.1494405,1051.3767295,False,166
653,1511.140098,1047.352981,1519.930095,1055.400478,its,1515.5350965,1051.3767295,False,166
654,1522.300061,1047.352981,1555.209467,1055.400478,contents,1538.7547639999998,1051.3767295,False,166
655,1557.699433,1047.352981,1564.9365970000001,1055.400478,to,1561.3180149999996,1051.3767295,False,166
656,1567.419415,1047.352981,1591.569518,1055.400478,others,1579.4944664999998,1051.3767295,False,166
657,1593.939484,1047.352981,1621.558261,1055.400478,without,1607.7488724999996,1051.3767295,False,166
658,1148.0195410000001,1057.072977,1178.6496730000001,1065.120474,express,1163.3346069999998,1061.0967255,False,166
659,1181.01964,1057.072977,1230.85712,1065.120474,authorization,1205.93838,1061.0967255,False,166
660,1233.339937,1057.072977,1239.609968,1065.120474,is,1236.4749525,1061.0967255,False,166
661,1241.979934,1057.072977,1282.67885,1065.120474,prohibited.,1262.329392,1061.0967255,False,166
662,1285.060184,1057.072977,1323.370267,1065.120474,Offenders,1304.2152255,1061.0967255,False,166
663,1325.740233,1057.072977,1337.871727,1065.120474,will,1331.80598,1061.0967255,False,166
664,1340.259431,1057.072977,1350.0166789999998,1065.120474,be,1345.1380550000001,1061.0967255,False,166
665,1352.3794970000001,1057.072977,1368.856826,1065.120474,held,1360.6181615,1061.0967255,False,166
666,1371.219644,1057.072977,1391.5370369999998,1065.120474,liable,1381.3783405,1061.0967255,False,166
667,1394.019855,1057.072977,1404.236969,1065.120474,for,1399.128412,1061.0967255,False,166
668,1406.6198259999999,1057.072977,1418.77704,1065.120474,the,1412.698433,1061.0967255,False,166
669,1421.139858,1057.072977,1454.5186410000001,1065.120474,payment,1437.8292494999998,1061.0967255,False,166
670,1456.899975,1057.072977,1464.238623,1065.120474,of,1460.569299,1061.0967255,False,166
671,1466.619957,1057.072977,1504.79879,1065.120474,damages.,1485.7093734999999,1061.0967255,False,166
672,1507.300123,1057.072977,1516.911562,1065.120474,All,1512.1058425,1061.0967255,False,166
673,1519.42016,1057.072977,1540.6894029999999,1065.120474,rights,1530.0547815,1061.0967255,False,166
674,1543.059369,1057.072977,1577.056691,1065.120474,reserved,1560.05803,1061.0967255,False,166
675,1579.419509,1057.072977,1586.176739,1065.120474,in,1582.798124,1061.0967255,False,166
676,1588.659557,1057.072977,1600.6967710000001,1065.120474,the,1594.6781640000002,1061.0967255,False,166
677,1603.1795880000002,1057.072977,1624.438334,1065.120474,event,1613.808961,1061.0967255,False,166
678,1148.0195410000001,1066.912973,1155.358189,1074.96047,of,1151.688865,1070.9367215,False,166
679,1157.739523,1066.912973,1169.896737,1074.96047,the,1163.81813,1070.9367215,False,166
680,1172.379555,1066.912973,1192.198292,1074.96047,grant,1182.2889235,1070.9367215,False,166
681,1194.579625,1066.912973,1201.798274,1074.96047,of,1198.1889494999998,1070.9367215,False,166
682,1204.179607,1066.912973,1209.016806,1074.96047,a,1206.5982065,1070.9367215,False,166
683,1211.4996230000002,1066.912973,1238.158353,1074.96047,patent.,1224.828988,1070.9367215,False,166
684,1240.539687,1066.912973,1260.3697630000001,1074.96047,utility,1250.454725,1070.9367215,False,166
685,1262.859729,1066.912973,1286.631265,1074.96047,model,1274.7454970000001,1070.9367215,False,166
686,1289.019864,1066.912973,1296.7170130000002,1074.96047,or,1292.8684385,1070.9367215,False,166
687,1299.099869,1066.912973,1327.198697,1074.96047,design.,1313.149283,1070.9367215,False,166
688,1329.699468,1066.912973,1347.508028,1074.96047,(ISO,1338.603748,1070.9367215,False,166
689,1349.9793619999998,1066.912973,1377.116709,1074.96047,16016),1363.5480355,1070.9367215,False,166
690,1072.311832,1138.079552,1087.526593,1157.877165,lar),1079.9192125,1147.9783585,False,170
691,1065.351837,1093.1995630000001,1078.1666,1100.809285,1,1071.7592185,1097.004424,False,171
692,1067.031835,1104.599555,1084.0465960000001,1138.129275,(circu,1075.5392155,1121.364415,False,172
693,44.741282,1086.251101,54.745166000000005,1099.067711,H,49.743224,1092.659406,False,150
694,1657.180637,944.531158,1667.960445,957.347768,G,1662.570541,950.939463,False,173
695,1147.299541,1014.9473859999999,1163.082836,1021.146955,REV.,1155.1911885,1018.0471705,False,166
696,842.1406509999999,1060.572975,856.72091,1074.107185,4x,849.4307805000002,1067.3400800000002,False,167
697,860.500656,1058.052974,885.8137429999999,1072.427185,R50,873.1571994999999,1065.2400795,False,167
698,671.752621,1116.1519050000002,684.568775,1130.879548,4x,678.1606979999998,1123.5157265,False,155
699,671.752621,1078.535992,684.568775,1112.399549,M6x1,678.1606979999998,1095.4677705,False,174
700,59.741276,1064.342753,85.477636,1069.826817,according,72.60945600000001,1067.084785,False,150
701,87.10126899999999,1064.342753,92.077636,1069.826817,to,89.58945250000001,1067.084785,False,150
702,93.701268,1064.342753,103.981799,1069.826817,DIN,98.8415335,1067.084785,False,150
703,105.58126200000001,1064.342753,115.833804,1069.826817,ISO,110.70753300000001,1067.084785,False,150
704,117.46126000000001,1064.342753,130.717626,1069.826817,1302,124.089443,1067.084785,False,150
705,976.900609,938.619617,991.883275,957.815302,R,984.391942,948.2174595,False,175
706,827.260671,1018.33386,834.843042,1031.146953,3,831.0518565,1024.7404064999998,False,176
707,782.8607360000001,1024.933843,797.359412,1039.066935,4x,790.1100739999998,1032.000389,False,176
708,801.10068,1018.3109529999999,812.0251360000001,1035.6948630000002,n,806.562908,1027.002908,False,176
709,812.020675,1019.653858,827.163044,1033.78695,14,819.5918594999999,1026.720404,False,176
710,715.180714,1020.699584,752.123423,1039.8952689999999,D-D,733.6520684999999,1030.2974265,False,177
711,517.432683,1043.376041,530.248836,1062.719575,3.5,523.8407595,1053.047808,False,178
712,234.10120600000002,1015.8056210000001,254.49415699999997,1026.774175,-0.2,244.29768149999998,1021.289898,False,179
713,234.10120600000002,1027.205617,261.094149,1038.17417,-0.05,247.5976775,1032.6898935000002,False,179
714,270.941192,1027.205617,294.334146,1038.17417,+0.2,282.637669,1032.6898935000002,False,179
715,89.021264,1026.011125,106.80508300000001,1038.827735,Ra,97.9131735,1032.4194300000001,False,148
716,110.62125900000001,1026.011125,137.645082,1038.827735,12.5,124.1331705,1032.4194300000001,False,148
717,573.94077,1004.651134,591.6045889999999,1017.4677439999999,Ra,582.7726795000002,1011.0594390000001,False,180
718,595.420758,1004.651134,614.76457,1017.4677439999999,3.2,605.092664,1011.0594390000001,False,180
719,354.232748,1109.136017,367.048902,1116.839553,2,360.640825,1112.987785,False,181
720,354.232748,1051.385739,367.048902,1105.319555,(circular),360.640825,1078.3526470000004,False,182
721,204.221218,1006.314394,222.752723,1013.5871109999999,Edge,213.4869705,1009.9507525,False,179
722,224.981228,1006.314394,245.646978,1013.5871109999999,finish:,235.314103,1009.9507525,False,179
723,326.152759,1041.336044,338.968913,1049.0395800000001,4,332.560836,1045.187812,False,183
724,323.26127599999995,1033.3212529999998,332.38192000000004,1039.079584,+,327.821598,1036.2004185,False,183
725,331.421273,1034.4761529999998,340.541917,1037.759585,-,335.981595,1036.1178690000004,False,183
726,322.541276,1013.437387,331.66192,1032.7195869999998,0.25,327.101598,1023.0784869999999,False,183
727,332.381272,1027.2373400000001,341.501917,1032.7195869999998,0,336.9415945,1029.9784635,False,183
728,59.741276,1006.314394,86.912754,1013.5871109999999,Surface,73.327015,1009.9507525,False,148
729,89.261259,1006.314394,115.566992,1013.5871109999999,texture:,102.4141255,1009.9507525,False,148
730,1150.899535,914.8939630000001,1165.020547,930.826969,55,1157.960041,922.860466,False,184
731,1133.7395470000001,920.9909859999999,1143.884352,938.3749029999999,n,1138.8119494999999,929.6829445,False,184
732,1143.939542,921.133967,1150.980556,933.94697,1,1147.460049,927.5404685000001,False,184
733,1124.979542,929.5339560000001,1128.500049,942.346958,.,1126.7397955,935.940457,False,184
734,1103.979558,933.613957,1125.002737,951.7069630000001,B.C,1114.4911475,942.66046,False,184
735,857.740653,919.813756,872.323458,933.3470289999999,4x,865.0320555,926.5803925000001,False,185
736,876.10065,921.4937570000001,886.06831,934.30703,R,881.0844800000001,927.9003935,False,185
737,886.180638,922.213757,901.536558,935.7470300000001,50,893.858598,928.9803935000001,False,185
738,825.2322059999999,969.095757,838.048815,995.999602,69.5,831.6405105,982.5476795,False,186
739,593.860762,960.7330910000001,605.991855,978.3472039999999,20,599.9263085,969.5401475,False,187
740,605.980761,970.3330900000001,610.305287,983.147201,°,608.143024,976.7401455,False,187
741,59.741276,977.994406,117.40670300000001,985.2671230000001,Surface/material,88.5739895,981.6307645,False,148
742,119.621255,977.994406,155.167011,985.2671230000001,treatment:,137.394133,981.6307645,False,148
743,804.4726400000001,919.6031300000001,823.1686990000001,938.999624,45°,813.8206694999999,929.301377,False,188
744,414.580834,932.0196189999999,430.72559,951.215304,Q,422.653212,941.6174615,False,189
745,436.540857,932.0196189999999,443.451145,951.215304,(,439.996001,941.6174615,False,189
746,449.260875,932.0196189999999,460.79877300000004,951.215304,2,455.029824,941.6174615,False,189
747,466.66088600000006,932.0196189999999,472.42983399999997,951.215304,:,469.54535999999996,941.6174615,False,189
748,478.18091200000003,932.0196189999999,489.71880999999996,951.215304,1,483.94986100000006,941.6174615,False,189
749,495.46089299999994,932.0196189999999,502.371181,951.215304,),498.916037,941.6174615,False,189
750,678.112619,987.4560630000001,690.928772,1006.7995970000001,1.6,684.5206955,997.12783,False,190
751,678.112618,958.536028,690.928772,983.999581,H13,684.5206949999998,971.2678045,False,190
752,673.9751,948.371216,692.276218,954.959618,(,683.125659,951.665417,False,190
753,675.341135,943.8012890000001,684.461779,949.5596199999999,+,679.9014569999998,946.6804545,False,190
754,683.501132,945.0761890000001,692.621776,948.3596210000001,-,688.0614539999998,946.7179050000001,False,190
755,674.621135,924.157423,683.74178,943.3196230000001,0.14,679.1814575,933.7385230000001,False,190
756,684.4611309999999,937.837376,693.581776,943.3196230000001,0,689.0214535,940.5784995,False,190
757,673.9751,917.4112279999999,692.276218,923.99963,),683.125659,920.705429,False,190
758,362.74085499999995,935.0511619999999,380.524673,947.8677710000001,Ra,371.632764,941.4594665,False,189
759,384.340842,935.0511619999999,403.564654,947.8677710000001,1.6,393.952748,941.4594665,False,189
760,59.741276,943.0744199999999,68.446729,950.3471369999999,All,64.0940025,946.7107785,False,148
761,70.661281,943.0744199999999,110.83246399999999,950.3471369999999,dimensions,90.7468725,946.7107785,False,148
762,113.02126499999999,943.0744199999999,131.83246200000002,950.3471369999999,apply,122.4268635,946.7107785,False,148
763,134.141255,943.0744199999999,140.672742,950.3471369999999,to,137.40699850000001,946.7107785,False,148
764,142.90124699999998,943.0744199999999,153.872738,950.3471369999999,the,148.38699250000005,946.7107785,False,148
765,156.10124299999998,943.0744199999999,183.392743,950.3471369999999,finished,169.746993,946.7107785,False,148
766,185.621248,943.0744199999999,199.207006,950.3471369999999,part,192.414127,946.7107785,False,148
767,201.461248,943.0744199999999,232.71276,950.3471369999999,including,217.087004,946.7107785,False,148
768,234.94120099999998,943.0744199999999,291.286592,950.3471369999999,surface/material,263.1138965,946.7107785,False,191
769,59.741276,952.074416,95.40701,959.347133,treatment.,77.57414299999998,955.7107745,False,148
770,59.741276,963.7144109999999,90.12701700000001,970.987128,Material:,74.9341465,967.3507695,False,148
771,92.261263,963.6377130000001,121.408454,972.400605,3.2315,106.8348585,968.019159,False,148
772,173.141231,963.8344109999999,197.71242800000002,971.107128,Quality,185.4268295,967.4707695000001,False,148
773,199.901221,963.8344109999999,232.92698,971.107128,standard:,216.4141005,967.4707695000001,False,148
774,245.74120200000002,963.72002,259.46022,972.8406640000001,EN,252.600711,968.280342,False,191
775,262.181187,963.72002,287.463449,972.8406640000001,755-2,274.822318,968.280342,False,191
776,490.55269400000003,959.136077,503.36884699999996,966.8396130000001,1,496.9607705,962.9878449999999,False,189
777,44.381282,944.531158,55.16109,957.347768,G,49.771186,950.939463,False,148
778,570.952661,912.9360929999999,583.768815,932.159627,3.5,577.3607380000002,922.54786,False,192
779,857.740644,890.7741960000001,871.643775,905.986921,4x,864.6922095000001,898.3805585000001,False,185
780,875.38065,896.5341900000001,884.886689,909.346918,R,880.1336695,902.9405539999999,False,185
781,884.860651,899.654186,892.181091,912.4669140000001,6,888.5208709999998,906.06055,False,185
782,1050.7004220000001,1164.13107,1058.4042439999998,1176.94768,8,1054.552333,1170.5393749999996,False,193
783,1204.779518,1079.994365,1226.765291,1087.267082,Scale:,1215.7724045,1083.6307235,False,166
784,1158.819536,1092.359968,1177.981736,1101.4806130000002,2.29,1168.4006359999996,1096.9202905,False,166
785,1180.7794609999999,1092.359968,1191.181708,1101.4806130000002,kg,1185.9805845,1096.9202905,False,166
786,1222.059511,1093.319968,1227.541758,1102.4406119999999,1,1224.8006345000001,1097.88029,False,166
787,1230.339483,1093.319968,1233.080606,1102.4406119999999,:,1231.7100445,1097.88029,False,166
788,1235.8594640000001,1093.319968,1241.341711,1102.4406119999999,2,1238.6005875,1097.88029,False,166
789,1261.4194949999999,1079.8743650000001,1277.765169,1087.147082,Unit:,1269.5923320000004,1083.5107235,False,166
790,1278.699489,1092.4799679999999,1295.1929539999999,1101.600612,mm,1286.9462215,1097.0402900000001,False,166
791,1318.1794730000001,1079.8743650000001,1355.645224,1087.147082,Projection:,1336.9123485,1083.5107235,False,166
792,1318.1794730000001,1091.39436,1331.736343,1098.667077,ISO,1324.957908,1095.0307185,False,166
793,1334.0193550000001,1091.39436,1347.150942,1098.667077,128,1340.5851484999996,1095.0307185,False,166
794,1318.1794730000001,1100.274357,1344.511074,1107.547074,Method,1331.3452734999998,1103.9107155000004,False,166
795,1346.739594,1100.274357,1351.111087,1107.547074,1,1348.9253405,1103.9107155000004,False,166
796,1417.299433,1079.879973,1462.5204449999999,1089.000618,Document,1439.909939,1084.4402955,False,166
797,1465.179303,1079.879973,1486.6403779999998,1089.000618,type:,1475.9098405,1084.4402955,False,166
798,1417.299433,1108.3199619999998,1469.600455,1117.4406060000001,Description:,1443.449944,1112.8802839999996,False,194
799,1181.619527,1123.451086,1201.583466,1136.2676960000001,KB,1191.6014965,1129.859391,False,195
800,1188.459525,1153.696277,1210.6317279999998,1159.24017,Drawing,1199.5456265,1156.4682235,False,195
801,1212.219377,1153.696277,1235.989792,1159.24017,Approval,1224.1045845,1156.4682235,False,195
802,1237.6592380000002,1153.696277,1255.031485,1159.24017,Stamp,1246.3453615,1156.4682235,False,195
803,1192.420397,1164.13107,1200.124219,1176.94768,9,1196.272308,1170.5393749999996,False,195
804,1491.0994039999998,1116.371089,1528.833537,1129.187699,Lower,1509.9664705,1122.779394,False,196
805,1532.619471,1116.371089,1583.523502,1129.187699,Housing,1558.0714865,1122.779394,False,197
806,1587.3396699999998,1116.371089,1630.083507,1129.187699,AC+90,1608.7115885,1122.779394,False,198
807,1221.459511,1124.1655779999999,1280.9726699999999,1135.134131,21.06.2018,1251.2160904999998,1129.6498545,False,195
808,1417.299433,1136.6329449999998,1433.398078,1144.680442,Part,1425.3487555,1140.6566935,False,199
809,1435.7794119999999,1136.6329449999998,1469.158167,1144.680442,Number:,1452.4687895000004,1140.6566935,False,199
810,1165.299534,1139.7529439999998,1202.536808,1147.800441,Prototype,1183.918171,1143.7766925,False,195
811,1204.899626,1139.7529439999998,1233.496992,1147.800441,release,1219.198309,1143.7766925,False,195
812,1236.699505,1139.7529439999998,1247.41671,1147.800441,B2,1242.0581075,1143.7766925,False,195
813,1248.099641,1139.7529439999998,1280.536955,1147.800441,-Sample,1264.318298,1143.7766925,False,195
814,1615.779354,1136.6329449999998,1638.598109,1144.680442,Page:,1627.1887315,1140.6566935,False,198
815,1498.059401,1145.7710769999999,1552.083419,1158.587687,5152166,1525.07141,1152.179382,False,200
816,1323.219471,1153.3129390000001,1356.742367,1161.360435,ENGINE,1339.9809189999999,1157.336687,False,201
817,1359.099442,1153.3129390000001,1389.616813,1161.360435,Division,1374.3581275,1157.336687,False,201
818,1330.300378,1164.13107,1345.684232,1176.94768,10,1337.992305,1170.5393749999996,False,201
819,1657.5406369999998,1086.251101,1667.544521,1099.067711,H,1662.542579,1092.659406,False,202
820,1491.0994039999998,1087.091101,1562.751529,1099.9077109999998,Component,1526.9254665,1093.4994060000001,False,203
821,1566.579533,1087.091101,1615.0835140000002,1099.9077109999998,drawing,1590.8315235,1093.4994060000001,False,204
822,1472.020711,1164.25107,1487.404566,1177.06768,11,1479.7126385,1170.6593750000004,False,205
823,1622.499425,1147.3255689999999,1629.092414,1158.294122,1,1625.7959195,1152.8098455,False,198
824,1632.579347,1147.3255689999999,1635.875842,1158.294122,/,1634.2275945,1152.8098455,False,198
825,1639.29943,1147.3255689999999,1645.892419,1158.294122,1,1642.5959245,1152.8098455,False,198
826,1612.900791,1164.25107,1629.964553,1177.06768,A2,1621.4326720000001,1170.6593750000004,False,198
